NEW_SALEDATE,NEW_YEAR,MONTH,MAKE,MODEL,MAX_SELLING_PRICE,MIN_SELLING_PRICE,AVG_SELLING_PRICE,AVG_MILEAGE,MAX_MILEAGE,MIN_MILEAGE,TOTAL_SALES,TOTAL_REVENUE,PRICE_BUCKET,MILEAGE_CATEGORY
2015-01-13T10:30:00Z,2015,Jan,chevrolet,g1500,10300,4200,6971.428571,124400.571429,171631,86261,7,48800,BUDGET,High Mileage
2014-12-18T12:00:00Z,2014,Dec,nissan,pathfinder,1050,450,750.000000,198251.500000,217555,178948,2,1500,BUDGET,High Mileage
2014-12-23T10:00:00Z,2014,Dec,buick,lacrosse,6000,6000,6000.000000,87786.000000,87786,87786,1,6000,BUDGET,High Mileage
2015-01-08T12:30:00Z,2015,Jan,ford truck,expedition,700,700,700.000000,173307.000000,173307,173307,1,700,BUDGET,High Mileage
2014-12-29T09:00:00Z,2014,Dec,Isuzu,Rodeo Sport,2500,1200,2033.333333,147343.000000,166269,120372,3,6100,BUDGET,High Mileage
2015-01-07T13:30:00Z,2015,Jan,gmc truck,safari,4200,2000,3100.000000,122951.500000,169690,76213,2,6200,BUDGET,High Mileage
2014-12-18T13:10:00Z,2014,Dec,mercedes,e300dt,2700,400,1550.000000,215209.000000,219516,210902,2,3100,BUDGET,High Mileage
2015-01-13T10:30:00Z,2015,Jan,gmc,yukon,1400,1400,1400.000000,295033.000000,295033,295033,1,1400,BUDGET,High Mileage
2015-01-06T09:30:00Z,2015,Jan,vw,beetle,11800,500,4600.000000,173827.666667,276953,6357,3,13800,BUDGET,High Mileage
2015-06-17T03:40:00Z,2015,Jun,Ferrari,458 Italia,183000,183000,183000.000000,12116.000000,12116,12116,1,183000,MID_RANGE,Low Mileage
2014-12-31T12:30:00Z,2014,Dec,mercedes,300e,400,200,300.000000,163786.666667,185704,151242,3,900,BUDGET,High Mileage
2015-01-06T02:00:00Z,2015,Jan,audi,a4,23800,12100,17550.000000,92167.250000,150295,71040,4,70200,BUDGET,High Mileage
2015-01-13T11:00:00Z,2015,Jan,dodge,ram3500,20100,10500,15300.000000,217887.000000,271634,164140,2,30600,BUDGET,High Mileage
2015-01-14T04:30:00Z,2015,Jan,audi,tt,7900,4900,6400.000000,93288.000000,101446,85130,2,12800,BUDGET,High Mileage
2015-01-13T10:00:00Z,2015,Jan,chevrolet,sonic,10100,9600,9850.000000,49341.000000,62191,36491,2,19700,BUDGET,High Mileage
2014-12-18T12:30:00Z,2014,Dec,mercedes,g500,24000,24000,24000.000000,125722.000000,125722,125722,1,24000,BUDGET,High Mileage
2014-12-30T12:30:00Z,2014,Dec,subaru,legacy,1100,800,950.000000,175152.000000,210549,139755,2,1900,BUDGET,High Mileage
2014-12-30T10:00:00Z,2014,Dec,chevrolet,corsica,400,300,350.000000,191943.000000,214947,168939,2,700,BUDGET,High Mileage
2015-01-13T12:00:00Z,2015,Jan,dodge,gr,25600,19200,20996.774194,25316.806452,40925,11768,31,650900,BUDGET,Medium Mileage
2015-01-06T02:00:00Z,2015,Jan,kia,rio,5000,4500,4666.666667,72586.666667,113138,46660,3,14000,BUDGET,High Mileage
2015-01-14T03:30:00Z,2015,Jan,chevrolet,g3500,16700,2900,9451.923077,89036.884615,191658,22513,26,245750,BUDGET,High Mileage
2015-05-05T03:00:00Z,2015,May,Cadillac,Fleetwood,350,350,350.000000,1.000000,1,1,1,350,BUDGET,Low Mileage
2015-05-29T04:00:00Z,2015,May,Geo,Metro,400,400,400.000000,190301.000000,190301,190301,1,400,BUDGET,High Mileage
2014-12-18T12:00:00Z,2014,Dec,ford,focus,1050,650,900.000000,164225.800000,185978,108338,5,4500,BUDGET,High Mileage
2015-01-07T09:30:00Z,2015,Jan,pontiac,vibe,9000,5400,7266.666667,74751.333333,116014,41257,3,21800,BUDGET,High Mileage
2014-12-30T13:00:00Z,2014,Dec,maserati,quattroporte,32200,23500,28400.000000,30385.000000,37293,26011,3,85200,BUDGET,Medium Mileage
2015-01-07T10:30:00Z,2015,Jan,dodge,intrepid,1900,400,1100.000000,111108.500000,127697,83330,4,4400,BUDGET,High Mileage
2014-12-18T10:00:00Z,2014,Dec,chevrolet,lumina,600,600,600.000000,112358.000000,112358,112358,1,600,BUDGET,High Mileage
2014-12-23T13:00:00Z,2014,Dec,toyota,pickup,1100,800,950.000000,129711.000000,131187,128235,2,1900,BUDGET,High Mileage
2015-01-12T09:00:00Z,2015,Jan,buick,rainier,6800,1300,4660.000000,119860.200000,186680,91678,5,23300,BUDGET,High Mileage
2014-12-17T12:00:00Z,2014,Dec,ford,bronco,1100,1100,1100.000000,257692.000000,257692,257692,1,1100,BUDGET,High Mileage
2015-06-18T04:50:00Z,2015,Jun,Saturn,S-Series,3500,150,751.428571,140959.460000,378670,1,350,263000,BUDGET,High Mileage
2015-07-09T09:00:00Z,2015,Jul,Hyundai,Veloster,39500,3000,13337.006579,29575.192434,118733,1,608,8108900,BUDGET,High Mileage
2015-07-14T06:30:00Z,2015,Jul,Ram,2500,53800,7600,33156.791126,42173.441558,209238,4,924,30636875,BUDGET,High Mileage
2015-07-09T08:00:00Z,2015,Jul,Ford,Expedition,50500,200,16015.290870,97413.003894,999999,1,2826,45259212,BUDGET,High Mileage
2015-07-09T09:30:00Z,2015,Jul,Nissan,Versa,67500,400,7552.225420,52625.895860,314070,1,3092,23351481,BUDGET,High Mileage
2015-07-09T06:00:00Z,2015,Jul,Acura,MDX,47800,600,16996.884883,93141.445288,396211,1,1581,26872075,BUDGET,High Mileage
2015-07-07T10:00:00Z,2015,Jul,Ford,E-Series Van,30800,1,19109.874383,27119.707625,288435,631,1823,34837301,BUDGET,High Mileage
2015-07-08T09:30:00Z,2015,Jul,Ford,C-Max Hybrid,33000,6100,15219.237179,28455.185897,87478,78,312,4748402,BUDGET,High Mileage
2015-07-07T06:30:00Z,2015,Jul,Infiniti,FX,37000,13000,27351.040609,41613.568528,100368,4982,394,10776310,BUDGET,High Mileage
2015-06-19T02:30:00Z,2015,Jun,Mazda,Mazda5,19500,1000,10106.359551,57849.398074,317689,1,623,6296262,BUDGET,High Mileage
2015-07-07T06:20:00Z,2015,Jul,Mercedes-Benz,S-Class,173000,300,27932.016545,76298.762914,999999,1,1511,42205277,MID_RANGE,High Mileage
2015-06-30T06:00:00Z,2015,Jun,Chevrolet,Corvette Stingray,64200,15700,55252.212389,6266.548673,23320,213,113,6243500,BUDGET,Medium Mileage
2015-06-18T03:00:00Z,2015,Jun,Acura,ZDX,30400,20600,26391.025641,43824.179487,152021,15011,39,1029250,BUDGET,High Mileage
2015-07-07T06:30:00Z,2015,Jul,Volkswagen,Tiguan,30500,4500,14198.700186,45749.530726,134311,1317,537,7624702,BUDGET,High Mileage
2015-07-09T07:00:00Z,2015,Jul,Lexus,IS 250,34600,2800,19300.425477,50328.208355,246932,70,1939,37423525,BUDGET,High Mileage
2015-06-18T03:00:00Z,2015,Jun,Lexus,IS 250 C,40200,13600,25960.000000,33684.136000,118512,3265,125,3245000,BUDGET,High Mileage
2015-06-19T02:00:00Z,2015,Jun,Mazda,MX-5 Miata,26250,400,12058.370044,58179.616740,246169,276,227,2737250,BUDGET,High Mileage
2015-06-30T10:10:00Z,2015,Jun,Mitsubishi,Galant,14300,100,3839.092496,114210.607330,273206,1,573,2199800,BUDGET,High Mileage
2015-06-19T02:00:00Z,2015,Jun,Toyota,Prius c,18500,7500,12835.470085,33645.675214,180187,791,117,1501750,BUDGET,High Mileage
2015-07-09T08:30:00Z,2015,Jul,Ford,F-250 Super Duty,58500,500,20598.652208,100487.740133,480747,1,2559,52711951,BUDGET,High Mileage
2015-07-08T07:30:00Z,2015,Jul,Cadillac,Escalade ESV,79600,2700,24736.081600,96273.361600,303457,4727,625,15460051,BUDGET,High Mileage
2015-06-19T02:15:00Z,2015,Jun,Dodge,Dakota,18000,225,5375.679934,121448.437811,341942,1,603,3241535,BUDGET,High Mileage
2015-07-07T06:15:00Z,2015,Jul,GMC,Yukon,66000,300,16923.835397,110191.425346,411053,1,1373,23236426,BUDGET,High Mileage
2015-06-19T02:35:00Z,2015,Jun,Chevrolet,TrailBlazer,20100,300,4365.489850,125038.639894,300372,1,1133,4946100,BUDGET,High Mileage
2015-06-18T02:35:00Z,2015,Jun,Mitsubishi,Raider,10750,2600,6468.518519,106744.074074,291043,50833,27,174650,BUDGET,High Mileage
2015-06-24T05:30:00Z,2015,Jun,Cadillac,STS,21400,700,7085.643564,100577.656766,453041,1,303,2146950,BUDGET,High Mileage
2015-06-19T02:00:00Z,2015,Jun,GMC,Envoy XUV,7100,1400,3470.535714,129425.160714,343709,68217,56,194350,BUDGET,High Mileage
2015-07-07T06:15:00Z,2015,Jul,Lexus,RX 330,16600,4400,9235.523114,138026.070560,288586,43658,411,3795800,BUDGET,High Mileage
2015-06-19T02:00:00Z,2015,Jun,Lexus,ES 300,9500,250,3160.236220,157437.057743,999999,1,381,1204050,BUDGET,High Mileage
2015-06-18T05:15:00Z,2015,Jun,Volvo,S70,4000,225,761.148649,158657.635135,308574,1,74,56325,BUDGET,High Mileage
2015-07-09T06:20:00Z,2015,Jul,Mercedes-Benz,CLS-Class,85250,6000,29916.890756,64052.472689,198829,212,476,14240440,BUDGET,High Mileage
2015-06-17T02:30:00Z,2015,Jun,Saturn,Astra,7000,1600,3890.740741,86999.092593,154420,37584,54,210100,BUDGET,High Mileage
2015-06-19T02:30:00Z,2015,Jun,GMC,Envoy XL,10600,400,3771.129707,139666.502092,297703,1,239,901300,BUDGET,High Mileage
2015-06-24T02:00:00Z,2015,Jun,Mercedes-Benz,CLA-Class,76750,8600,30720.149254,14248.940299,52849,635,134,4116500,BUDGET,Medium Mileage
2015-06-18T06:00:00Z,2015,Jun,Ford,Crown Victoria,13800,300,3831.607143,108016.907143,275115,1,140,536425,BUDGET,High Mileage
2015-06-19T04:45:00Z,2015,Jun,Kia,Rondo,9000,225,3596.472393,104217.779141,225423,1,163,586225,BUDGET,High Mileage
2015-06-17T02:05:00Z,2015,Jun,Chevrolet,Malibu Classic,6000,600,3000.000000,124209.931818,214128,61405,44,132000,BUDGET,High Mileage
2015-06-19T02:30:00Z,2015,Jun,Infiniti,FX35,26600,2100,11240.461538,110037.683077,249371,1,325,3653150,BUDGET,High Mileage
2015-06-16T02:30:00Z,2015,Jun,Infiniti,Q45,8700,200,3134.090909,142052.227273,298260,72740,44,137900,BUDGET,High Mileage
2015-06-18T05:30:00Z,2015,Jun,Chevrolet,Silverado 2500,15400,1000,6220.000000,149290.680000,236565,1,25,155500,BUDGET,High Mileage
2015-06-19T08:00:00Z,2015,Jun,Volvo,C70,28400,275,12423.513333,68563.366667,208840,4046,150,1863527,BUDGET,High Mileage
2015-07-08T07:00:00Z,2015,Jul,Acura,RSX,14700,700,4492.715232,129568.417219,219581,1,151,678400,BUDGET,High Mileage
2015-07-07T06:15:00Z,2015,Jul,Mitsubishi,Lancer Evolution,34400,6800,23192.647059,45255.735294,206728,5009,136,3154200,BUDGET,High Mileage
2015-06-09T02:30:00Z,2015,Jun,Mazda,Mazdaspeed 3,18000,6100,14583.333333,46785.238095,110156,17811,21,306250,BUDGET,High Mileage
2015-06-19T02:00:00Z,2015,Jun,Subaru,BRZ,24400,15300,19686.904762,14965.761905,48020,2017,42,826850,BUDGET,Medium Mileage
2015-03-06T01:25:00Z,2015,Mar,Toyota,Tercel,1100,150,555.000000,166171.500000,265426,43081,20,11100,BUDGET,High Mileage
2015-06-11T07:00:00Z,2015,Jun,Volvo,XC,4100,600,2078.000000,143321.120000,229808,75744,25,51950,BUDGET,High Mileage
2015-06-05T02:00:00Z,2015,Jun,Lexus,GS 460,23000,14400,18233.333333,84614.666667,116013,33190,6,109400,BUDGET,High Mileage
2015-06-16T05:30:00Z,2015,Jun,Toyota,MR2 Spyder,6200,1000,3537.500000,122094.437500,263590,57654,16,56600,BUDGET,High Mileage
2015-07-09T08:00:00Z,2015,Jul,Infiniti,G Sedan,44000,9500,19943.212350,29871.343400,128470,1,7417,147918806,BUDGET,High Mileage
2015-07-07T14:00:00Z,2015,Jul,smart,fortwo,11000,1600,6247.594937,28863.944304,114995,1,395,2467800,BUDGET,High Mileage
2015-07-07T10:10:00Z,2015,Jul,Chevrolet,Traverse,40100,2500,16484.799702,59758.508449,245802,1,2012,33167417,BUDGET,High Mileage
2015-07-09T06:00:00Z,2015,Jul,Cadillac,SRX,41200,650,20017.168530,52862.126198,200726,7,1252,25061495,BUDGET,High Mileage
2015-07-08T06:00:00Z,2015,Jul,Nissan,Titan,33400,550,13235.492519,91460.206983,312786,1,802,10614865,BUDGET,High Mileage
2015-06-18T11:30:00Z,2015,Jun,Saturn,L-Series,4100,175,1157.329843,131399.366492,246032,1,191,221050,BUDGET,High Mileage
2015-06-30T08:00:00Z,2015,Jun,Chevrolet,Blazer,5000,200,1081.838906,155284.216463,324848,1,329,355925,BUDGET,High Mileage
2015-06-24T03:00:00Z,2015,Jun,MINI,Cooper Countryman,33750,8000,19068.273092,29195.010040,133848,504,498,9496000,BUDGET,High Mileage
2015-06-12T02:00:00Z,2015,Jun,Volkswagen,Golf R,30100,20600,25606.818182,28129.681818,63990,3438,22,563350,BUDGET,High Mileage
2015-07-09T07:30:00Z,2015,Jul,Buick,Lucerne,16800,800,6521.391129,95540.250000,245778,1,496,3234610,BUDGET,High Mileage
2015-07-09T05:50:00Z,2015,Jul,Land Rover,Freelander,6200,350,1911.000000,99087.000000,218184,36474,50,95550,BUDGET,High Mileage
2015-07-09T09:00:00Z,2015,Jul,GMC,Sierra 2500HD,58250,1500,25616.887417,92276.547461,382600,1,453,11604450,BUDGET,High Mileage
2015-06-18T10:00:00Z,2015,Jun,Suzuki,Forenza,4000,300,1524.163180,103099.096234,238892,1,239,364275,BUDGET,High Mileage
2015-07-08T07:30:00Z,2015,Jul,Lexus,LX 570,81000,1400,53710.743802,51424.925620,159601,1243,121,6499000,BUDGET,High Mileage
2015-06-18T10:00:00Z,2015,Jun,Chevrolet,Lumina,1800,200,692.129630,143808.629630,368160,53847,54,37375,BUDGET,High Mileage
2015-06-16T03:30:00Z,2015,Jun,Pontiac,Firebird,20300,300,3613.793103,122998.293103,323380,1,58,209600,BUDGET,High Mileage
2015-07-01T11:40:00Z,2015,Jul,Volkswagen,Touareg 2,24600,3000,11071.951220,90341.560976,193723,33191,41,453950,BUDGET,High Mileage
2015-06-16T05:50:00Z,2015,Jun,Ford,E-150,2200,400,960.000000,183069.400000,238131,139681,5,4800,BUDGET,High Mileage
2015-06-18T09:20:00Z,2015,Jun,Chevrolet,Tracker,4100,300,1775.000000,131643.101449,227189,50425,69,122475,BUDGET,High Mileage
2015-06-18T05:30:00Z,2015,Jun,Cadillac,CTS-V,41750,6600,24875.609756,67056.243902,140963,7704,41,1019900,BUDGET,High Mileage
2015-06-18T05:00:00Z,2015,Jun,Audi,RS 5,65500,51000,57750.000000,19701.066667,42430,3012,15,866250,BUDGET,Medium Mileage
2015-06-17T02:30:00Z,2015,Jun,Infiniti,G37 Convertible,26200,13500,20177.500000,42446.700000,142296,2864,20,403550,BUDGET,High Mileage
2015-05-14T05:30:00Z,2015,May,Volvo,960,1000,300,496.428571,203348.571429,370178,165271,7,3475,BUDGET,High Mileage
2015-06-18T05:00:00Z,2015,Jun,Maserati,Ghibli,67000,53500,58873.684211,7686.789474,15444,76,19,1118600,BUDGET,Low Mileage
2015-06-16T10:30:00Z,2015,Jun,Lexus,SC 400,6600,200,2350.000000,117579.133333,204843,1,15,35250,BUDGET,High Mileage
2015-06-16T02:30:00Z,2015,Jun,Volkswagen,Golf GTI,23750,16600,20956.250000,9121.500000,14760,5279,8,167650,BUDGET,Low Mileage
2015-07-07T09:30:00Z,2015,Jul,Chevrolet,Colorado,34500,250,8908.640836,99778.858374,338364,1,813,7242725,BUDGET,High Mileage
2015-07-07T14:00:00Z,2015,Jul,Chrysler,Pacifica,8900,300,3901.310044,116828.799127,222635,41486,229,893400,BUDGET,High Mileage
2015-01-14T04:30:00Z,2015,Jan,land rover,lr3,17500,3700,8502.702703,111701.297297,193650,41770,37,314600,BUDGET,High Mileage
2015-06-05T02:00:00Z,2015,Jun,Infiniti,G37 Coupe,19400,10900,15529.166667,54002.416667,94435,30666,12,186350,BUDGET,High Mileage
2015-03-03T02:30:00Z,2015,Mar,Mercury,Tracer,400,250,312.500000,148000.500000,227223,82909,4,1250,BUDGET,High Mileage
2015-06-03T07:00:00Z,2015,Jun,Mercedes-Benz,190-Class,975,400,708.333333,161350.666667,178514,152374,3,2125,BUDGET,High Mileage
2015-06-16T05:30:00Z,2015,Jun,Oldsmobile,Eighty-Eight,1900,250,861.538462,147346.230769,327230,57069,13,11200,BUDGET,High Mileage
2015-05-28T02:40:00Z,2015,May,Cadillac,STS-V,18000,11000,14591.666667,81914.333333,112109,42762,6,87550,BUDGET,High Mileage
2015-06-18T05:00:00Z,2015,Jun,Volkswagen,Phaeton,10600,4000,6490.000000,97235.000000,147532,57446,10,64900,BUDGET,High Mileage
2015-01-14T02:00:00Z,2015,Jan,bmw,750i,45750,7800,21278.333333,73999.633333,134839,15452,30,638350,BUDGET,High Mileage
2015-01-15T02:00:00Z,2015,Jan,ford,explorer,7100,100,2269.791667,150758.222222,256860,84017,72,163425,BUDGET,High Mileage
2015-06-16T03:00:00Z,2015,Jun,Volvo,S90,1700,200,678.571429,175385.571429,300599,81633,7,4750,BUDGET,High Mileage
2015-02-13T01:30:00Z,2015,Feb,Plymouth,Breeze,700,300,580.000000,91867.600000,144553,1,5,2900,BUDGET,High Mileage
2015-06-02T05:30:00Z,2015,Jun,Chevrolet,Spark EV,12000,11000,11500.000000,14128.500000,21263,6994,2,23000,BUDGET,Medium Mileage
2015-05-21T02:30:00Z,2015,May,GMC,Sierra 2500,11000,1600,6000.000000,151757.750000,239172,90857,4,24000,BUDGET,High Mileage
2015-01-14T04:30:00Z,2015,Jan,landrover,range,20000,10500,15250.000000,95596.777778,135262,61330,9,137250,BUDGET,High Mileage
2015-01-14T01:00:00Z,2015,Jan,ford,windstar,1600,325,630.000000,157169.350000,274006,95956,20,12600,BUDGET,High Mileage
2015-01-15T01:00:00Z,2015,Jan,ford,crown,4100,400,2000.000000,146626.200000,210433,85877,5,10000,BUDGET,High Mileage
2015-02-24T10:00:00Z,2015,Feb,Dodge,Ram Cargo,4100,400,1328.571429,151565.428571,266028,68276,7,9300,BUDGET,High Mileage
2015-01-21T02:15:00Z,2015,Jan,Suzuki,Equator,14900,14800,14850.000000,23034.500000,27645,18424,2,29700,BUDGET,Medium Mileage
2015-01-14T02:20:00Z,2015,Jan,chrysler,crossfire,5100,4300,4700.000000,62767.000000,71466,54068,2,9400,BUDGET,High Mileage
2015-06-18T05:00:00Z,2015,Jun,Bentley,Continental Flying Spur Speed,106500,105000,105750.000000,10541.000000,15385,5697,2,211500,MID_RANGE,Low Mileage
2015-05-28T08:30:00Z,2015,May,Mercury,Mystique,1400,500,950.000000,132506.500000,144717,120296,2,1900,BUDGET,High Mileage
2014-12-23T10:00:00Z,2014,Dec,chrysler,voyager,1900,350,762.500000,159580.500000,219333,111173,4,3050,BUDGET,High Mileage
2015-01-08T04:00:00Z,2015,Jan,chevrolet,equinox,11000,11000,11000.000000,74922.000000,74922,74922,1,11000,BUDGET,High Mileage
2015-05-06T04:00:00Z,2015,May,Toyota,Paseo,150,150,150.000000,338382.000000,338382,338382,1,150,BUDGET,High Mileage
2015-01-12T09:30:00Z,2015,Jan,pontiac,g6,7500,5900,6600.000000,92764.000000,114587,75965,4,26400,BUDGET,High Mileage
2015-01-14T02:15:00Z,2015,Jan,gmc,sr,14000,2950,9705.555556,135901.666667,198358,83224,9,87350,BUDGET,High Mileage
2015-01-14T02:15:00Z,2015,Jan,chevrolet,uplandr,900,900,900.000000,198183.000000,198183,198183,1,900,BUDGET,High Mileage
2015-01-13T09:15:00Z,2015,Jan,chevrolet,g2500,1900,550,1225.000000,210352.000000,215423,205281,2,2450,BUDGET,High Mileage
2015-05-21T02:35:00Z,2015,May,Mercedes-Benz,SLS AMG GT,156500,156500,156500.000000,15019.000000,15019,15019,1,156500,MID_RANGE,Low Mileage
2014-12-18T16:10:00Z,2014,Dec,landrover,discovery,5700,2200,3950.000000,88617.000000,94300,82934,2,7900,BUDGET,High Mileage
2015-01-14T02:00:00Z,2015,Jan,bmw,1,54400,54400,54400.000000,19205.000000,19205,19205,1,54400,BUDGET,Low Mileage
2015-01-08T11:00:00Z,2015,Jan,hyundai,santa,9800,400,2293.750000,164417.125000,280993,60114,16,36700,BUDGET,High Mileage
2014-12-18T12:30:00Z,2014,Dec,airstream,interstate,71000,71000,71000.000000,51971.000000,51971,51971,1,71000,BUDGET,Medium Mileage
2014-12-23T11:00:00Z,2014,Dec,dot,durango,500,500,500.000000,191734.000000,191734,191734,1,500,BUDGET,High Mileage
2015-01-08T11:30:00Z,2015,Jan,volkswagen,golf,3800,3800,3800.000000,154005.000000,154005,154005,1,3800,BUDGET,High Mileage
2015-01-13T10:00:00Z,2015,Jan,pontiac,montana,4500,300,1570.000000,176408.600000,197622,129910,5,7850,BUDGET,High Mileage
2014-12-18T10:00:00Z,2014,Dec,Daewoo,Leganza,300,300,300.000000,94603.000000,94603,94603,1,300,BUDGET,High Mileage
2014-12-23T10:10:00Z,2014,Dec,chevrolet,cobalt,2700,1800,2250.000000,125978.000000,131557,120399,2,4500,BUDGET,High Mileage
2015-01-12T09:00:00Z,2015,Jan,chevrolet,s10,3100,500,1773.076923,153295.076923,255799,79048,13,23050,BUDGET,High Mileage
2015-01-13T10:00:00Z,2015,Jan,smart,42c,2000,2000,2000.000000,68288.000000,68288,68288,1,2000,BUDGET,High Mileage
2015-07-09T07:00:00Z,2015,Jul,Nissan,Altima,37200,100,11421.055765,49862.091736,999999,1,19349,220986008,BUDGET,High Mileage
2015-06-24T05:15:00Z,2015,Jun,Subaru,Impreza,32500,250,13310.772298,60013.964323,279837,1,953,12685166,BUDGET,High Mileage
2015-07-09T07:30:00Z,2015,Jul,BMW,5 Series,79000,225,21220.044343,67939.556807,322983,1,4172,88530025,BUDGET,High Mileage
2015-06-16T12:05:00Z,2015,Jun,GMC,Jimmy,2400,250,941.071429,146432.119048,222877,1,42,39525,BUDGET,High Mileage
2015-07-09T08:00:00Z,2015,Jul,Ford,Explorer,52750,200,18209.510056,70740.560991,980113,1,7707,140340694,BUDGET,High Mileage
2015-07-09T06:00:00Z,2015,Jul,Ford,Taurus,45000,100,10995.780813,74905.156593,999999,1,4649,51119385,BUDGET,High Mileage
2015-06-18T03:00:00Z,2015,Jun,Lincoln,Town Car,22200,300,4423.508523,123024.764205,462759,1,352,1557075,BUDGET,High Mileage
2015-06-19T02:30:00Z,2015,Jun,Cadillac,DeVille,7500,200,1764.029968,116127.061514,307714,1,634,1118395,BUDGET,High Mileage
2015-07-08T07:30:00Z,2015,Jul,Jeep,Compass,30000,1000,12128.710623,47918.017582,243630,1,1365,16555690,BUDGET,High Mileage
2015-01-13T13:30:00Z,2015,Jan,lincoln,mkt,33700,17600,28875.000000,22346.500000,74874,15347,18,519750,BUDGET,High Mileage
2015-07-09T08:00:00Z,2015,Jul,Chevrolet,Sonic,53000,1100,9139.549075,34557.542905,111873,1,1783,16295816,BUDGET,High Mileage
2015-06-19T05:00:00Z,2015,Jun,Buick,Encore,26700,15200,18799.483871,22026.881720,66083,58,93,1748352,BUDGET,High Mileage
2015-06-19T02:30:00Z,2015,Jun,Mazda,CX-9,30900,4500,17542.071006,51120.435503,205276,1309,845,14823050,BUDGET,High Mileage
2015-07-08T10:30:00Z,2015,Jul,Nissan,Rogue,26500,275,13812.459295,43057.913401,999999,442,5589,77197835,BUDGET,High Mileage
2015-06-18T05:00:00Z,2015,Jun,Scion,iQ,11700,6000,8888.114754,22562.696721,83924,2753,122,1084350,BUDGET,High Mileage
2015-07-09T07:30:00Z,2015,Jul,Mercedes-Benz,GL-Class,90500,1700,29637.709708,67888.290292,195438,1,1061,31445610,BUDGET,High Mileage
2015-06-19T02:00:00Z,2015,Jun,Audi,A7,59000,32700,42101.503759,34198.466165,73377,2731,133,5599500,BUDGET,High Mileage
2015-07-07T06:15:00Z,2015,Jul,Cadillac,CTS,46600,400,10766.975698,83448.104447,281238,1,1934,20823331,BUDGET,High Mileage
2015-07-08T09:30:00Z,2015,Jul,Subaru,Forester,30200,450,17138.993711,47949.422432,250524,1,954,16350600,BUDGET,High Mileage
2015-07-10T06:00:00Z,2015,Jul,BMW,3 Series,79000,100,16809.633106,65337.713189,294728,1,8204,137906230,BUDGET,High Mileage
2015-07-07T06:30:00Z,2015,Jul,Infiniti,QX,53000,27500,40571.592417,47721.037915,105652,7546,211,8560606,BUDGET,High Mileage
2015-07-03T06:00:00Z,2015,Jul,Buick,Regal,37400,200,11217.688963,57191.983221,999999,1,598,6708178,BUDGET,High Mileage
2015-06-19T02:00:00Z,2015,Jun,Dodge,Nitro,18000,2100,8806.885246,91296.621311,225625,5142,610,5372200,BUDGET,High Mileage
2015-07-02T08:00:00Z,2015,Jul,Mercedes-Benz,Sprinter,84000,10600,26102.068493,76082.000000,274245,23,73,1905451,BUDGET,High Mileage
2015-07-02T07:30:00Z,2015,Jul,BMW,5 Series Gran Turismo,56750,17400,35146.446078,32864.784314,113482,1169,204,7169875,BUDGET,High Mileage
2015-07-07T12:00:00Z,2015,Jul,Hyundai,Veracruz,21400,3000,11462.019231,81368.544872,232228,4043,156,1788075,BUDGET,High Mileage
2015-06-10T02:30:00Z,2015,Jun,Lincoln,Navigator L,19000,6500,12971.739130,116872.478261,218574,70368,23,298350,BUDGET,High Mileage
2015-06-19T02:00:00Z,2015,Jun,Volkswagen,Eos,27800,2000,11624.736842,61866.900000,173806,6929,190,2208700,BUDGET,High Mileage
2015-06-19T02:00:00Z,2015,Jun,Volvo,S80,27400,200,5973.476703,109431.096774,249756,1,279,1666600,BUDGET,High Mileage
2015-07-09T07:00:00Z,2015,Jul,Lexus,LS 430,19600,2200,8988.082902,135863.357513,317847,25464,386,3469400,BUDGET,High Mileage
2015-06-25T03:00:00Z,2015,Jun,Ford,Windstar,4000,225,1007.311321,147852.146919,999999,1,212,213550,BUDGET,High Mileage
2015-06-18T07:00:00Z,2015,Jun,Jaguar,S-Type,10600,300,2907.708333,104144.050000,193213,1,240,697850,BUDGET,High Mileage
2015-06-19T02:30:00Z,2015,Jun,Mazda,Tribute,35000,300,3225.728155,132940.048544,999999,1,309,996750,BUDGET,High Mileage
2015-06-16T03:00:00Z,2015,Jun,Mercury,Cougar,2500,225,788.157895,127804.131579,204197,1,38,29950,BUDGET,High Mileage
2015-06-19T02:00:00Z,2015,Jun,Toyota,Land Cruiser,64000,300,22075.462963,136594.435185,312307,1,108,2384150,BUDGET,High Mileage
2015-06-19T02:00:00Z,2015,Jun,Volvo,S40,14300,200,3838.636364,117205.022727,999999,1,396,1520100,BUDGET,High Mileage
2015-06-19T02:30:00Z,2015,Jun,Chevrolet,Monte Carlo,20000,225,2537.311558,126975.781407,298899,1,398,1009850,BUDGET,High Mileage
2015-06-19T02:15:00Z,2015,Jun,Honda,Element,19400,1350,6759.318182,128363.788961,279214,1,308,2081870,BUDGET,High Mileage
2015-06-19T02:15:00Z,2015,Jun,Subaru,Impreza WRX,34750,18400,26016.203704,20625.129630,74394,2681,108,2809750,BUDGET,High Mileage
2015-06-19T02:00:00Z,2015,Jun,Infiniti,EX,28400,15400,22375.517241,38530.358621,97906,9390,145,3244450,BUDGET,High Mileage
2015-06-18T05:30:00Z,2015,Jun,Infiniti,Q60 Coupe,38200,25200,29661.111111,14068.277778,28183,1713,36,1067800,BUDGET,Medium Mileage
2015-06-18T04:00:00Z,2015,Jun,Pontiac,Montana,4400,100,1575.312500,140764.481013,237687,39375,80,126025,BUDGET,High Mileage
2015-06-19T05:00:00Z,2015,Jun,Audi,S7,75400,53750,67468.750000,16439.625000,26175,2426,8,539750,BUDGET,Medium Mileage
2015-06-10T02:40:00Z,2015,Jun,Volkswagen,Jetta Hybrid,20000,12400,15761.363636,23040.681818,60139,9233,22,346750,BUDGET,High Mileage
2015-06-11T04:00:00Z,2015,Jun,Cadillac,ELR,45250,35250,40620.000000,9431.400000,19887,4436,5,203100,BUDGET,Low Mileage
2015-07-08T08:45:00Z,2015,Jul,Acura,TL,30750,300,11890.667447,93238.537705,495757,1,2135,25386575,BUDGET,High Mileage
2015-01-14T06:30:00Z,2015,Jan,nissan,quest,1200,300,577.272727,174836.545455,257381,78379,11,6350,BUDGET,High Mileage
2015-07-08T07:30:00Z,2015,Jul,Hyundai,Elantra,30200,100,10058.780546,43454.861226,999999,1,6262,62978025,BUDGET,High Mileage
2015-07-08T07:30:00Z,2015,Jul,Land Rover,Range Rover Evoque,57900,22000,35891.390728,27664.701987,79291,2071,151,5419600,BUDGET,High Mileage
2015-07-08T07:30:00Z,2015,Jul,Ford,Ranger,26700,200,7971.509995,93912.572663,406777,1,1851,14755265,BUDGET,High Mileage
2015-07-08T11:00:00Z,2015,Jul,GMC,Yukon XL,65000,350,17051.392235,110026.294770,580956,1,1262,21518857,BUDGET,High Mileage
2015-06-19T02:25:00Z,2015,Jun,Dodge,Caravan,5500,225,1876.431718,126690.898230,264621,1,227,425950,BUDGET,High Mileage
2015-01-15T02:00:00Z,2015,Jan,cadillac,srx,11000,1000,4942.763158,117162.000000,227425,52628,76,375650,BUDGET,High Mileage
2015-06-18T04:30:00Z,2015,Jun,Toyota,ECHO,4500,150,2060.000000,150383.850000,261371,1,60,123600,BUDGET,High Mileage
2015-06-17T04:30:00Z,2015,Jun,GMC,Sonoma,9200,475,3323.181818,128855.054545,294189,55773,55,182775,BUDGET,High Mileage
2015-01-14T11:00:00Z,2015,Jan,dodge,grand,24800,300,4016.393443,127317.377049,301360,1,61,245000,BUDGET,High Mileage
2015-06-02T10:30:00Z,2015,Jun,Geo,Prizm,1600,150,536.111111,176637.611111,291755,82009,18,9650,BUDGET,High Mileage
2015-07-02T07:30:00Z,2015,Jul,Ford,Focus ST,23400,5000,18425.000000,21400.171875,59748,618,64,1179200,BUDGET,Medium Mileage
2015-07-08T09:30:00Z,2015,Jul,Mercedes-Benz,SLK-Class,46000,1000,19180.529595,54763.320872,205751,2546,321,6156950,BUDGET,High Mileage
2015-07-03T06:00:00Z,2015,Jul,Porsche,Panamera,108000,34250,55730.410448,33519.884328,102594,1068,268,14935750,MID_RANGE,High Mileage
2015-06-18T05:30:00Z,2015,Jun,Suzuki,Grand Vitara,13700,300,5692.654639,86691.603093,337455,1,194,1104375,BUDGET,High Mileage
2015-06-18T10:00:00Z,2015,Jun,Ford,Excursion,28750,600,7943.014706,152588.588235,291932,58599,136,1080250,BUDGET,High Mileage
2015-06-19T02:00:00Z,2015,Jun,Chrysler,Aspen,17000,1600,8714.035088,110939.280702,366136,10462,228,1986800,BUDGET,High Mileage
2015-06-18T05:30:00Z,2015,Jun,Audi,,28000,25000,26808.333333,6134.583333,9070,721,12,321700,BUDGET,Low Mileage
2015-07-03T06:00:00Z,2015,Jul,Infiniti,M35,19800,2500,9949.805447,110042.038911,218038,34058,257,2557100,BUDGET,High Mileage
2015-06-19T02:30:00Z,2015,Jun,Lexus,GS 430,14400,1300,7210.416667,140159.041667,241051,68885,48,346100,BUDGET,High Mileage
2015-07-08T07:30:00Z,2015,Jul,Infiniti,M,37800,16100,25143.514477,37943.888641,108941,263,898,22578876,BUDGET,High Mileage
2015-06-18T05:30:00Z,2015,Jun,Pontiac,G5,7100,750,3479.347826,99742.963768,182194,21492,138,480150,BUDGET,High Mileage
2015-06-18T09:00:00Z,2015,Jun,Suzuki,SX4,10900,500,5081.405694,64364.124555,207159,1,281,1427875,BUDGET,High Mileage
2015-06-24T03:30:00Z,2015,Jun,Pontiac,G8,30000,3400,12613.636364,85526.254545,231379,27672,110,1387500,BUDGET,High Mileage
2015-06-17T04:30:00Z,2015,Jun,Nissan,200SX,2100,300,818.750000,168305.083333,264407,83923,12,9825,BUDGET,High Mileage
2015-06-18T05:30:00Z,2015,Jun,Cadillac,Catera,2800,200,976.724138,97070.482759,156113,14806,29,28325,BUDGET,High Mileage
2015-06-19T02:00:00Z,2015,Jun,Toyota,Prius v,23300,6400,16969.417476,38066.893204,369530,771,103,1747850,BUDGET,High Mileage
2015-06-17T03:30:00Z,2015,Jun,Mazda,6,16200,1000,9298.214286,58904.714286,160770,20459,28,260350,BUDGET,High Mileage
2015-06-18T05:30:00Z,2015,Jun,Suzuki,XL-7,5600,350,2054.113924,133350.886076,216478,1,79,162275,BUDGET,High Mileage
2015-06-16T03:00:00Z,2015,Jun,Oldsmobile,Intrigue,5000,250,860.377358,139025.415094,230251,1,53,45600,BUDGET,High Mileage
2015-06-15T02:00:00Z,2015,Jun,Honda,accord,6200,1000,4054.347826,141621.869565,220171,1,23,93250,BUDGET,High Mileage
2015-06-16T06:01:00Z,2015,Jun,Oldsmobile,Silhouette,2300,300,1051.875000,140760.550000,302896,1,40,42075,BUDGET,High Mileage
2015-06-18T03:30:00Z,2015,Jun,Chevrolet,SSR,25400,11000,18127.777778,54625.518519,133220,3181,27,489450,BUDGET,High Mileage
2015-07-08T09:30:00Z,2015,Jul,Kia,Sportage,23600,225,12755.231209,51373.752451,277492,1,1224,15612403,BUDGET,High Mileage
2015-07-07T06:15:00Z,2015,Jul,Honda,Odyssey,36250,250,12147.106857,94225.177193,349516,1,3500,42514874,BUDGET,High Mileage
2015-06-19T02:00:00Z,2015,Jun,Hyundai,Elantra Coupe,17300,2500,12256.796117,32261.320388,999999,721,103,1262450,BUDGET,High Mileage
2015-07-03T06:00:00Z,2015,Jul,Hyundai,Genesis,47400,2200,17978.092018,43246.184035,133599,1,902,16216239,BUDGET,High Mileage
2015-01-14T04:30:00Z,2015,Jan,toyota,tundra,26000,7700,13691.842105,113345.736842,213278,36586,38,520290,BUDGET,High Mileage
2015-06-18T11:30:00Z,2015,Jun,Lincoln,LS,7500,200,1823.623853,125681.183486,232898,1,218,397550,BUDGET,High Mileage
2015-07-07T06:25:00Z,2015,Jul,Buick,Rainier,7300,900,3488.888889,123474.355556,209255,56738,90,314000,BUDGET,High Mileage
2015-07-07T09:30:00Z,2015,Jul,BMW,M3,66500,2200,30413.885522,57562.323232,235350,4750,297,9032924,BUDGET,High Mileage
2015-06-18T05:30:00Z,2015,Jun,BMW,4 Series,84500,30000,42356.996587,7530.409556,54158,554,293,12410600,BUDGET,Medium Mileage
2015-06-16T02:30:00Z,2015,Jun,Oldsmobile,Cutlass,1450,300,632.142857,118102.142857,235445,1,14,8850,BUDGET,High Mileage
2015-06-18T05:00:00Z,2015,Jun,Audi,S8,87000,5100,44476.315789,56481.421053,120474,5276,19,845050,BUDGET,High Mileage
2015-06-19T02:00:00Z,2015,Jun,Lincoln,MKZ Hybrid,16600,6800,13045.454545,56995.818182,124187,24794,11,143500,BUDGET,High Mileage
2015-07-01T07:30:00Z,2015,Jul,Saturn,VUE,10800,250,3411.649061,120497.764085,999999,1,852,2906725,BUDGET,High Mileage
2015-07-09T06:30:00Z,2015,Jul,Dodge,Ram Pickup 2500,41750,1100,15587.772277,132257.972277,500227,1,505,7871825,BUDGET,High Mileage
2015-06-18T05:30:00Z,2015,Jun,Acura,TSX Sport Wagon,25300,15000,18691.666667,36304.277778,90273,6536,36,672900,BUDGET,High Mileage
2015-07-01T09:30:00Z,2015,Jul,mitsubishi,galant,9800,1650,7552.000000,65117.290000,206944,29941,100,755200,BUDGET,High Mileage
2015-01-14T01:30:00Z,2015,Jan,dodge,caravan,7800,250,1564.285714,149662.222222,313082,73449,28,43800,BUDGET,High Mileage
2015-03-05T02:00:00Z,2015,Mar,Mazda,B-Series Pickup,2300,300,1211.111111,139126.000000,197967,92348,9,10900,BUDGET,High Mileage
2015-06-18T08:30:00Z,2015,Jun,Oldsmobile,Cutlass Supreme,700,300,434.090909,149229.181818,267734,1,11,4775,BUDGET,High Mileage
2015-06-04T05:00:00Z,2015,Jun,Audi,TTS,41500,22000,35291.666667,19462.500000,62661,3996,6,211750,BUDGET,High Mileage
2015-06-11T03:00:00Z,2015,Jun,Honda,Accord Hybrid,27000,24200,25575.000000,12945.800000,24530,1206,10,255750,BUDGET,Medium Mileage
2015-06-18T02:30:00Z,2015,Jun,Mercedes-Benz,SLS AMG,126250,104000,116016.666667,12369.000000,22128,5690,3,348050,MID_RANGE,Medium Mileage
2015-06-18T02:30:00Z,2015,Jun,GMC,Sierra 1500HD,13300,4000,8533.333333,156858.500000,210959,110611,6,51200,BUDGET,High Mileage
2015-01-14T04:30:00Z,2015,Jan,mercedes,c240w,5500,1900,4040.000000,116187.000000,189394,84799,5,20200,BUDGET,High Mileage
2015-01-14T03:30:00Z,2015,Jan,mitsubishi,endeavor,11200,7000,9492.307692,67759.076923,88627,40743,13,123400,BUDGET,High Mileage
2015-01-13T12:00:00Z,2015,Jan,plymouth,voyager,700,300,475.000000,184436.666667,238356,125381,3,1425,BUDGET,High Mileage
2015-06-09T02:30:00Z,2015,Jun,Ford,Windstar Cargo,350,250,281.250000,278807.750000,317924,229538,4,1125,BUDGET,High Mileage
2015-02-24T10:00:00Z,2015,Feb,Daewoo,Nubira,600,300,450.000000,70104.500000,71103,69106,2,900,BUDGET,High Mileage
2015-01-14T05:30:00Z,2015,Jan,vw,jetta,13400,1900,7038.888889,102239.333333,180966,60834,9,63350,BUDGET,High Mileage
2015-01-15T03:00:00Z,2015,Jan,dodge,magnum,7200,800,2996.000000,135436.320000,283271,64257,25,74900,BUDGET,High Mileage
2015-01-14T01:50:00Z,2015,Jan,ford,freestyle,3000,550,1416.666667,124197.000000,150853,104902,3,4250,BUDGET,High Mileage
2015-01-15T02:00:00Z,2015,Jan,toyota,matrix,7300,3200,5260.000000,107675.600000,143451,73321,5,26300,BUDGET,High Mileage
2015-06-11T05:30:00Z,2015,Jun,Chevrolet,S-10 Blazer,900,400,600.000000,112944.666667,133201,93369,3,1800,BUDGET,High Mileage
2015-03-03T01:30:00Z,2015,Mar,GMC,Sierra 1500 Hybrid,18200,16000,17100.000000,90118.500000,91415,88822,2,34200,BUDGET,High Mileage
2014-12-23T10:00:00Z,2014,Dec,volkswagen,jetta,8600,2600,6033.333333,137322.666667,194941,69339,3,18100,BUDGET,High Mileage
2015-01-05T01:30:00Z,2015,Jan,toyota,yaris,5800,2200,4100.000000,135347.250000,219760,62425,4,16400,BUDGET,High Mileage
2015-02-18T04:15:00Z,2015,Feb,Mercedes-Benz,ML55 AMG,3100,3100,3100.000000,151070.000000,151070,151070,1,3100,BUDGET,High Mileage
2015-01-13T13:01:00Z,2015,Jan,chevrolet,venture,1600,300,635.000000,162965.142857,243363,72213,15,9525,BUDGET,High Mileage
2014-12-18T13:10:00Z,2014,Dec,chevrolet,cavalier,300,300,300.000000,115533.000000,115533,115533,1,300,BUDGET,High Mileage
2015-01-07T09:05:00Z,2015,Jan,chrysler,twn&country,1400,325,682.142857,141070.714286,180675,96210,7,4775,BUDGET,High Mileage
2015-01-14T01:05:00Z,2015,Jan,ford truck,explorer,400,350,375.000000,204473.500000,235685,173262,2,750,BUDGET,High Mileage
2015-03-05T03:50:00Z,2015,Mar,Suzuki,Sidekick,1000,1000,1000.000000,187012.000000,187012,187012,1,1000,BUDGET,High Mileage
2015-05-21T05:30:00Z,2015,May,Lotus,Exige,40800,40800,40800.000000,16932.000000,16932,16932,1,40800,BUDGET,Low Mileage
2015-01-15T03:00:00Z,2015,Jan,gmc,subrbn,600,600,600.000000,214992.000000,214992,214992,1,600,BUDGET,High Mileage
2015-07-08T06:40:00Z,2015,Jul,lincoln,town,9200,1800,5009.090909,119962.181818,241995,52288,11,55100,BUDGET,High Mileage
2014-12-19T11:45:00Z,2014,Dec,mercedes-b,sl55,18500,18500,18500.000000,80396.000000,80396,80396,1,18500,BUDGET,High Mileage
2014-12-17T10:00:00Z,2014,Dec,chev truck,s10,2000,2000,2000.000000,136490.000000,136490,136490,1,2000,BUDGET,High Mileage
2015-01-06T18:00:00Z,2015,Jan,buick,century,800,400,600.000000,147993.000000,159959,136027,2,1200,BUDGET,High Mileage
2015-06-16T02:30:00Z,2015,Jun,Acura,TLX,26200,26200,26200.000000,8050.000000,8050,8050,1,26200,BUDGET,Low Mileage
2015-03-04T03:30:00Z,2015,Mar,Mercedes-Benz,420-Class,1400,1400,1400.000000,166788.000000,166788,166788,1,1400,BUDGET,High Mileage
2015-01-13T10:00:00Z,2015,Jan,toyota,camry,9500,275,3193.750000,171468.000000,267351,77718,4,12775,BUDGET,High Mileage
2015-01-13T03:00:00Z,2015,Jan,mercury,mountaineer,900,350,612.500000,145385.250000,166909,127505,4,2450,BUDGET,High Mileage
2015-01-06T18:00:00Z,2015,Jan,gmc truck,sr,21425,3100,11025.000000,127148.600000,188184,53142,5,55125,BUDGET,High Mileage
2015-01-06T02:00:00Z,2015,Jan,hyundai,elantra,5800,2300,4400.000000,88315.666667,97848,75771,3,13200,BUDGET,High Mileage
2014-12-18T18:30:00Z,2014,Dec,bmw,320i,2100,2100,2100.000000,212523.000000,212523,212523,1,2100,BUDGET,High Mileage
2014-12-31T00:00:00Z,2014,Dec,gmc,sonoma,1000,700,850.000000,192724.500000,227852,157597,2,1700,BUDGET,High Mileage
2014-12-30T10:00:00Z,2014,Dec,bmw,x3,5300,5300,5300.000000,149681.000000,149681,149681,1,5300,BUDGET,High Mileage
2015-01-07T12:05:00Z,2015,Jan,jeep,cherokee,700,700,700.000000,242182.000000,242182,242182,1,700,BUDGET,High Mileage
2015-01-13T10:00:00Z,2015,Jan,chevrolet,aveo,5000,5000,5000.000000,33236.000000,33236,33236,1,5000,BUDGET,Medium Mileage
2014-12-30T10:00:00Z,2014,Dec,nissan,x-trail,4250,1800,3025.000000,173706.000000,214590,132822,2,6050,BUDGET,High Mileage
2015-01-14T01:30:00Z,2015,Jan,bmw,750lxi,33000,28000,30375.000000,55803.000000,62266,50465,4,121500,BUDGET,High Mileage
2015-03-04T04:30:00Z,2015,Mar,BMW,8 Series,6750,6750,6750.000000,106148.000000,106148,106148,1,6750,BUDGET,High Mileage
2014-12-30T10:00:00Z,2014,Dec,bmw,323i,10400,10400,10400.000000,94729.000000,94729,94729,1,10400,BUDGET,High Mileage
2015-01-08T11:30:00Z,2015,Jan,volkswagen,beetle,13500,6000,9800.000000,36952.666667,81327,10783,3,29400,BUDGET,High Mileage
2015-06-25T09:30:00Z,2015,Jun,Mitsubishi,Eclipse,12600,225,4043.527919,105275.822335,257042,1,394,1593150,BUDGET,High Mileage
2015-06-19T03:00:00Z,2015,Jun,Mazda,Protege,3300,200,1018.750000,149514.103448,999999,1,116,118175,BUDGET,High Mileage
2015-06-18T09:20:00Z,2015,Jun,Mitsubishi,Montero Sport,4500,250,1319.569536,164206.609272,296355,1,151,199255,BUDGET,High Mileage
2015-07-09T07:00:00Z,2015,Jul,Ford,Fiesta,31700,900,9254.115789,34730.678602,153099,1,2375,21978525,BUDGET,High Mileage
2015-07-14T06:30:00Z,2015,Jul,Ford,F-150,65000,200,18832.085020,72895.055348,999999,1,14479,272669759,BUDGET,High Mileage
2015-01-14T04:30:00Z,2015,Jan,jeep,wrangler,20200,600,7690.983607,113456.786885,310107,28831,61,469150,BUDGET,High Mileage
2015-07-09T07:30:00Z,2015,Jul,Honda,Accord,27750,200,9657.913334,84745.666630,375455,1,9127,88147775,BUDGET,High Mileage
2015-07-09T06:20:00Z,2015,Jul,Kia,Sorento,31500,300,14643.257923,50305.109448,251337,1,3408,49904223,BUDGET,High Mileage
2015-07-09T07:00:00Z,2015,Jul,Kia,Optima,27500,200,13400.984731,37757.919098,999999,1,4388,58803521,BUDGET,High Mileage
2015-07-07T08:00:00Z,2015,Jul,Kia,Soul,19000,1800,11353.814734,35157.995261,213336,1,2743,31132160,BUDGET,High Mileage
2015-07-10T06:00:00Z,2015,Jul,Nissan,Sentra,24400,200,8730.947118,53568.294053,327237,1,5465,47714626,BUDGET,High Mileage
2015-06-17T05:30:00Z,2015,Jun,Infiniti,QX4,6400,300,2276.351351,159608.342466,267374,1,74,168450,BUDGET,High Mileage
2015-07-09T08:00:00Z,2015,Jul,Ford,Fusion Hybrid,36500,2750,16406.926791,41605.780374,204835,2734,642,10533247,BUDGET,High Mileage
2015-07-07T08:45:00Z,2015,Jul,Hyundai,Tucson,25600,600,11987.686140,62206.753723,235415,26,873,10465250,BUDGET,High Mileage
2015-07-09T09:00:00Z,2015,Jul,Chrysler,200,41000,500,11139.046207,38092.944156,137531,1,4048,45079720,BUDGET,High Mileage
2015-07-08T07:00:00Z,2015,Jul,Dodge,Avenger,36750,300,9055.395355,54054.051237,236921,1,3962,35868421,BUDGET,High Mileage
2015-07-09T07:30:00Z,2015,Jul,Dodge,Charger,40000,500,13061.353239,64811.289491,999999,1,4539,59272421,BUDGET,High Mileage
2015-07-08T07:30:00Z,2015,Jul,Dodge,Journey,35600,600,12531.807742,53627.764194,999999,1,3100,38848604,BUDGET,High Mileage
2015-06-23T02:15:00Z,2015,Jun,GMC,Terrain,31100,6000,17450.616197,46884.209507,180158,1,1136,19823900,BUDGET,High Mileage
2015-07-07T09:00:00Z,2015,Jul,Toyota,Avalon,32500,275,10335.715405,104010.582245,357751,1,1149,11875737,BUDGET,High Mileage
2015-06-19T05:45:00Z,2015,Jun,Cadillac,ATS,32000,14200,20519.422886,29768.412935,86228,136,201,4124404,BUDGET,High Mileage
2015-07-09T17:15:00Z,2015,Jul,Mazda,Mazda6,24750,250,9401.527778,70829.769841,326108,1,1512,14215110,BUDGET,High Mileage
2015-06-19T02:00:00Z,2015,Jun,Chevrolet,Express,27800,900,17237.720137,60322.672355,471114,4488,293,5050652,BUDGET,High Mileage
2015-07-09T06:00:00Z,2015,Jul,Audi,A6,53500,150,17511.281588,77396.909639,242825,1,831,14551875,BUDGET,High Mileage
2015-06-17T05:00:00Z,2015,Jun,Ford,Taurus X,11500,1000,4625.280899,117742.247191,195651,59786,89,411650,BUDGET,High Mileage
2015-06-19T04:45:00Z,2015,Jun,Infiniti,EX35,22600,6900,12935.714286,85135.015873,204628,19743,63,814950,BUDGET,High Mileage
2015-06-19T02:00:00Z,2015,Jun,Lexus,RX 400h,21600,4500,12260.975610,106415.000000,208488,38152,164,2010800,BUDGET,High Mileage
2015-07-09T09:00:00Z,2015,Jul,Volkswagen,New Beetle,13100,300,3605.193992,96783.112641,278997,1,799,2880550,BUDGET,High Mileage
2015-07-02T07:00:00Z,2015,Jul,FIAT,500L,22500,2900,12627.540984,17068.557377,60186,257,305,3851400,BUDGET,High Mileage
2015-06-18T08:30:00Z,2015,Jun,Cadillac,Seville,5200,150,1345.253165,117661.177215,255368,1,158,212550,BUDGET,High Mileage
2015-07-07T06:15:00Z,2015,Jul,Mercedes-Benz,R-Class,31000,2400,10577.560241,96102.659639,187180,14954,332,3511750,BUDGET,High Mileage
2015-06-18T05:00:00Z,2015,Jun,Chrysler,300M,6300,200,1245.297030,144584.306931,282328,61600,101,125775,BUDGET,High Mileage
2015-06-19T04:00:00Z,2015,Jun,Lexus,ES 330,12500,1750,6286.407767,128034.961165,268944,20593,309,1942500,BUDGET,High Mileage
2015-06-12T02:35:00Z,2015,Jun,Scion,xA,5300,900,2881.034483,137709.482759,256700,69014,29,83550,BUDGET,High Mileage
2015-06-18T03:00:00Z,2015,Jun,Nissan,NV Cargo,23000,16300,20937.068966,20940.568966,53895,837,58,1214350,BUDGET,Medium Mileage
2015-06-19T02:00:00Z,2015,Jun,Audi,TT,33500,1200,8887.890625,89406.062500,225213,1,128,1137650,BUDGET,High Mileage
2015-06-18T05:15:00Z,2015,Jun,Pontiac,Vibe,10600,450,4131.910569,122002.280488,275041,1,246,1016450,BUDGET,High Mileage
2015-06-19T02:00:00Z,2015,Jun,Volvo,XC70,34000,600,14113.905325,82813.928571,201380,1,169,2385250,BUDGET,High Mileage
2015-06-16T03:00:00Z,2015,Jun,Mercury,Monterey,5750,300,2091.666667,115058.125000,207003,1,48,100400,BUDGET,High Mileage
2015-07-07T06:15:00Z,2015,Jul,Chevrolet,Spark,30000,1200,8024.925466,28127.288820,74271,38,322,2584026,BUDGET,High Mileage
2015-06-16T06:00:00Z,2015,Jun,Lexus,HS 250h,23250,10800,16585.416667,51119.791667,105844,10799,72,1194150,BUDGET,High Mileage
2015-06-17T02:30:00Z,2015,Jun,Ford,Econoline Wagon,18500,350,7322.962963,127988.733333,456004,21341,135,988600,BUDGET,High Mileage
2015-06-17T03:30:00Z,2015,Jun,Ford,Fusion Energi,34000,10000,20842.156863,16214.274510,34701,2273,51,1062950,BUDGET,Medium Mileage
2015-06-30T11:00:00Z,2015,Jun,BMW,,95000,53000,71238.372093,5800.348837,34106,207,86,6126500,BUDGET,Medium Mileage
2015-07-02T09:00:00Z,2015,Jul,MINI,Cooper Paceman,34750,14500,20352.777778,9334.211111,28890,1009,90,1831750,BUDGET,Medium Mileage
2015-07-10T06:00:00Z,2015,Jul,Toyota,Corolla,68900,150,9217.030324,65292.631629,959276,1,7354,67782041,BUDGET,High Mileage
2015-06-18T04:00:00Z,2015,Jun,BMW,M6,108000,10800,55395.180723,32017.734940,125032,983,83,4597800,MID_RANGE,High Mileage
2015-07-09T06:20:00Z,2015,Jul,Toyota,RAV4,37750,700,14496.302898,55834.192272,312514,1,3209,46518636,BUDGET,High Mileage
2015-07-02T07:00:00Z,2015,Jul,Porsche,Boxster,62500,1800,22102.131915,53163.459574,194512,1449,235,5194001,BUDGET,High Mileage
2015-06-30T09:00:00Z,2015,Jun,FIAT,500,15800,2000,9109.653501,29954.662478,85802,23,557,5074077,BUDGET,High Mileage
2015-07-07T06:30:00Z,2015,Jul,Buick,LaCrosse,31700,275,12651.943603,63535.514310,346111,1,1188,15030509,BUDGET,High Mileage
2015-06-19T02:00:00Z,2015,Jun,Volkswagen,CC,30000,1900,13466.260401,49708.741140,166470,598,649,8739603,BUDGET,High Mileage
2015-07-01T07:00:00Z,2015,Jul,Infiniti,G35,16750,600,6808.786798,117574.599107,273398,1,1121,7632650,BUDGET,High Mileage
2015-06-19T02:00:00Z,2015,Jun,Mercury,Mountaineer,18300,250,4157.261905,125345.311905,395827,1,420,1746050,BUDGET,High Mileage
2015-06-19T02:35:00Z,2015,Jun,Dodge,Neon,7600,250,1472.967480,122896.934959,260591,1,246,362350,BUDGET,High Mileage
2015-06-17T05:00:00Z,2015,Jun,Kia,Amanti,8400,400,3094.554455,113157.178218,999999,1,101,312550,BUDGET,High Mileage
2015-07-07T07:30:00Z,2015,Jul,HUMMER,H2,50000,7300,18572.368421,102421.092105,249149,11501,304,5646000,BUDGET,High Mileage
2015-06-16T12:05:00Z,2015,Jun,Chevrolet,Astro,5500,350,2130.357143,140688.880952,296401,1,42,89475,BUDGET,High Mileage
2015-01-14T04:30:00Z,2015,Jan,ford,escape,5500,700,2553.125000,141170.125000,232553,55903,32,81700,BUDGET,High Mileage
2015-06-18T11:30:00Z,2015,Jun,Chevrolet,Cavalier,7200,150,969.401042,133182.838120,307595,1,384,372250,BUDGET,High Mileage
2015-06-19T02:00:00Z,2015,Jun,Volvo,V50,14600,1100,6314.705882,101760.823529,179500,37556,51,322050,BUDGET,High Mileage
2015-01-15T02:00:00Z,2015,Jan,dodge,durango,9700,400,2650.000000,145687.217391,294829,1,23,60950,BUDGET,High Mileage
2015-07-03T06:00:00Z,2015,Jul,Volkswagen,Routan,20600,3000,9787.500000,70724.767241,189211,10963,232,2270700,BUDGET,High Mileage
2015-06-19T05:00:00Z,2015,Jun,Pontiac,G3,6300,1500,4444.444444,78289.833333,132407,39267,18,80000,BUDGET,High Mileage
2015-06-19T03:00:00Z,2015,Jun,Ram,3500,54000,10000,34569.960474,60911.189723,436372,574,253,8746200,BUDGET,High Mileage
2015-01-14T02:20:00Z,2015,Jan,mercedes,c230wz,13250,2900,6709.090909,110382.909091,188503,23049,44,295200,BUDGET,High Mileage
2015-07-02T06:20:00Z,2015,Jul,Scion,xB,16750,800,7692.361111,84201.057540,280454,1,504,3876950,BUDGET,High Mileage
2015-06-19T05:00:00Z,2015,Jun,Buick,Verano,19800,4200,13118.981675,31899.445026,100495,18,382,5011451,BUDGET,High Mileage
2015-06-18T05:00:00Z,2015,Jun,Lincoln,Zephyr,9300,1600,4609.473684,110048.684211,245950,46063,95,437900,BUDGET,High Mileage
2015-06-16T06:10:00Z,2015,Jun,Mazda,MPV,5300,225,1659.395973,139604.322148,289530,66830,149,247250,BUDGET,High Mileage
2015-06-18T03:00:00Z,2015,Jun,Honda,CR-Z,17000,4100,10238.425926,41007.148148,186057,213,108,1105750,BUDGET,High Mileage
2015-06-19T02:00:00Z,2015,Jun,Chevrolet,Black Diamond Avalanche,44500,22900,34447.619048,35604.595238,99875,9684,42,1446800,BUDGET,High Mileage
2015-06-18T05:30:00Z,2015,Jun,Bentley,Continental GTC,163000,57000,89380.303030,31758.878788,88846,2968,33,2949550,MID_RANGE,High Mileage
2015-06-16T10:30:00Z,2015,Jun,Isuzu,Trooper,2400,300,995.312500,153073.125000,262094,98020,32,31850,BUDGET,High Mileage
2015-05-21T03:00:00Z,2015,May,GMC,Yukon Denali,5000,1000,2200.000000,167851.888889,208879,112390,9,19800,BUDGET,High Mileage
2015-06-19T02:00:00Z,2015,Jun,GMC,Yukon Hybrid,33500,9250,17222.058824,102843.264706,165720,40768,34,585550,BUDGET,High Mileage
2015-03-03T01:30:00Z,2015,Mar,Saturn,Aura Hybrid,5500,2200,3980.000000,98749.200000,177376,53570,5,19900,BUDGET,High Mileage
2015-06-19T02:30:00Z,2015,Jun,Volkswagen,Cabrio,3500,300,1291.666667,114247.733333,219623,37563,30,38750,BUDGET,High Mileage
2015-06-19T05:00:00Z,2015,Jun,Saab,9-2X,5500,2000,4010.000000,116081.200000,230624,38275,10,40100,BUDGET,High Mileage
2015-06-17T03:00:00Z,2015,Jun,Buick,Park Avenue,6900,200,1609.051724,134430.948276,296866,1,116,186650,BUDGET,High Mileage
2015-06-19T08:00:00Z,2015,Jun,Chrysler,Concorde,4700,200,1011.363636,130370.515152,263830,1,66,66750,BUDGET,High Mileage
2015-06-19T04:55:00Z,2015,Jun,Subaru,Tribeca,31400,3700,15511.805556,73966.819444,201569,5184,72,1116850,BUDGET,High Mileage
2015-06-18T05:30:00Z,2015,Jun,Aston Martin,V8 Vantage,61000,38300,50929.411765,25607.588235,89887,3835,17,865800,BUDGET,High Mileage
2015-06-17T03:00:00Z,2015,Jun,Mazda,626,2900,225,839.705882,159970.019608,372902,1,102,85650,BUDGET,High Mileage
2015-01-13T13:00:00Z,2015,Jan,chevrolet,1500,14500,300,3382.954545,170123.022727,334113,73613,44,148850,BUDGET,High Mileage
2015-01-14T04:30:00Z,2015,Jan,ford,e,14200,11300,12800.000000,85316.000000,107025,67916,4,51200,BUDGET,High Mileage
2015-01-14T04:00:00Z,2015,Jan,landrover,lr3,13000,5100,8585.000000,101553.200000,131663,79069,10,85850,BUDGET,High Mileage
2015-01-14T04:30:00Z,2015,Jan,honda,ridgelin,13000,4950,8563.333333,138677.066667,209195,82435,15,128450,BUDGET,High Mileage
2015-01-15T02:30:00Z,2015,Jan,ford,police,4400,300,1703.125000,135493.437500,286461,56653,16,27250,BUDGET,High Mileage
2015-06-17T03:40:00Z,2015,Jun,Cadillac,XLR,38000,600,18876.923077,62278.807692,131356,1,26,490800,BUDGET,High Mileage
2015-05-26T10:30:00Z,2015,May,Mercedes-Benz,500-Class,6100,1000,2685.714286,103847.571429,175568,48170,7,18800,BUDGET,High Mileage
2015-01-13T12:00:00Z,2015,Jan,jeep,patriot,18600,6100,15809.090909,25134.818182,100249,9548,11,173900,BUDGET,High Mileage
2015-06-18T06:00:00Z,2015,Jun,Chevrolet,C/K 3500 Series,5400,1900,3500.000000,106300.750000,197774,11185,4,14000,BUDGET,High Mileage
2015-01-14T08:31:00Z,2015,Jan,chevrolet,impala,7400,650,3841.176471,120884.352941,244525,54628,34,130600,BUDGET,High Mileage
2015-06-09T02:30:00Z,2015,Jun,GMC,Sierra 3500,23250,4900,16545.000000,137967.600000,213231,76878,10,165450,BUDGET,High Mileage
2015-06-03T02:30:00Z,2015,Jun,Chevrolet,Silverado 3500 Classic,20500,10000,15166.666667,193243.000000,273270,103086,3,45500,BUDGET,High Mileage
2015-01-14T02:00:00Z,2015,Jan,pontiac,g5,5500,2200,3980.000000,83054.800000,124748,53185,5,19900,BUDGET,High Mileage
2015-02-03T05:00:00Z,2015,Feb,Buick,Roadmaster,5600,250,2116.666667,78077.666667,116057,27096,3,6350,BUDGET,High Mileage
2015-06-03T05:30:00Z,2015,Jun,Volvo,940,700,700,700.000000,175981.500000,177433,174530,2,1400,BUDGET,High Mileage
2015-02-26T04:00:00Z,2015,Feb,Bentley,Continental GTC Speed,111000,111000,111000.000000,38620.000000,38620,38620,1,111000,MID_RANGE,Medium Mileage
2014-12-29T09:30:00Z,2014,Dec,ford,350,4900,4900,4900.000000,183293.000000,183293,183293,1,4900,BUDGET,High Mileage
2015-01-14T01:30:00Z,2015,Jan,dodge,b1500,4100,850,2250.000000,120992.000000,217739,68639,6,13500,BUDGET,High Mileage
2014-12-31T10:30:00Z,2014,Dec,chrysler,twn/cntry,425,400,412.500000,150917.500000,186621,115214,2,825,BUDGET,High Mileage
2015-01-20T10:00:00Z,2015,Jan,Chevrolet,Corsica,350,350,350.000000,170349.000000,170349,170349,1,350,BUDGET,High Mileage
2015-01-21T06:30:00Z,2015,Jan,Mercedes-Benz,400-Class,2350,2350,2350.000000,225623.000000,225623,225623,1,2350,BUDGET,High Mileage
2015-01-07T01:30:00Z,2015,Jan,kia,sportage,2900,2900,2900.000000,105246.000000,105246,105246,1,2900,BUDGET,High Mileage
2015-02-19T04:00:00Z,2015,Feb,Chevrolet,C/K 2500 Series,1900,1800,1850.000000,166009.000000,200115,131903,2,3700,BUDGET,High Mileage
2015-03-06T01:00:00Z,2015,Mar,Oldsmobile,Achieva,500,500,500.000000,168961.000000,168961,168961,1,500,BUDGET,High Mileage
2014-12-18T10:00:00Z,2014,Dec,mazda tk,cx-7,6500,6500,6500.000000,103395.000000,103395,103395,1,6500,BUDGET,High Mileage
2014-12-18T10:15:00Z,2014,Dec,chevrolet,suburban,2400,400,1400.000000,121374.500000,140278,102471,2,2800,BUDGET,High Mileage
2014-12-18T11:00:00Z,2014,Dec,Chrysler,Le Baron,1200,1200,1200.000000,89946.000000,89946,89946,1,1200,BUDGET,High Mileage
2015-01-14T05:30:00Z,2015,Jan,chevrolet,comm,9600,9600,9600.000000,119366.000000,119366,119366,1,9600,BUDGET,High Mileage
2015-05-27T03:00:00Z,2015,May,Jeep,Grand Cherokee SRT,61000,61000,61000.000000,6846.000000,6846,6846,1,61000,BUDGET,Low Mileage
2014-12-17T12:00:00Z,2014,Dec,mercedes,420sel,1400,1400,1400.000000,72250.000000,72250,72250,1,1400,BUDGET,High Mileage
2015-01-14T02:30:00Z,2015,Jan,chevrolet,colorado,9300,2400,6255.555556,111441.444444,182405,36327,9,56300,BUDGET,High Mileage
2015-01-07T08:31:00Z,2015,Jan,dodge,dakota,4200,750,1850.000000,145058.000000,182362,77314,7,12950,BUDGET,High Mileage
2014-12-23T10:00:00Z,2014,Dec,mercury,cougar,550,550,550.000000,96275.000000,96275,96275,1,550,BUDGET,High Mileage
2015-07-08T09:30:00Z,2015,Jul,Mercedes-Benz,C-Class,57900,225,17635.525662,53134.366012,999999,1,5397,95178932,BUDGET,High Mileage
2015-07-08T07:00:00Z,2015,Jul,Nissan,Xterra,34900,200,8778.212919,101964.575758,291498,1,1254,11007879,BUDGET,High Mileage
2015-07-08T07:30:00Z,2015,Jul,Toyota,Highlander,39500,900,15424.766129,93642.301971,621388,1,2232,34428078,BUDGET,High Mileage
2015-07-08T07:30:00Z,2015,Jul,Hyundai,Sonata,27000,100,10853.280961,52583.355511,999999,1,6914,75017878,BUDGET,High Mileage
2015-07-09T07:00:00Z,2015,Jul,Mercedes-Benz,M-Class,76800,300,20064.268868,76734.969061,324717,1,1908,38282625,BUDGET,High Mileage
2015-06-18T11:30:00Z,2015,Jun,Pontiac,Grand Prix,8900,200,2529.341603,135822.130725,999999,1,1048,2650750,BUDGET,High Mileage
2015-06-18T09:00:00Z,2015,Jun,Mercury,Sable,9100,150,1746.606335,122271.072398,284839,1,221,386000,BUDGET,High Mileage
2015-06-17T05:30:00Z,2015,Jun,Acura,RL,23750,300,5816.898148,139037.787037,451641,1,108,628225,BUDGET,High Mileage
2015-06-19T02:00:00Z,2015,Jun,Nissan,Rogue Select,22400,3300,15273.684211,9665.120301,32700,11,133,2031400,BUDGET,Medium Mileage
2015-07-08T07:30:00Z,2015,Jul,Chevrolet,Suburban,59900,275,19758.254061,104905.318201,458184,1,2401,47439568,BUDGET,High Mileage
2015-06-17T07:00:00Z,2015,Jun,Chevrolet,Venture,5100,225,1060.167598,152789.089385,281056,1,179,189770,BUDGET,High Mileage
2015-07-09T07:45:00Z,2015,Jul,Jeep,Patriot,47000,1100,11154.039977,52075.452140,268868,1,1776,19809575,BUDGET,High Mileage
2015-07-09T07:00:00Z,2015,Jul,Nissan,Pathfinder,36800,200,14058.812732,79454.936803,357518,1,2152,30254565,BUDGET,High Mileage
2015-06-19T02:25:00Z,2015,Jun,Porsche,Cayman,63750,11700,33660.606061,42962.045455,120342,174,66,2221600,BUDGET,High Mileage
2015-07-09T07:00:00Z,2015,Jul,Volkswagen,Jetta,31200,200,7861.149808,71067.809392,999999,1,4686,36837348,BUDGET,High Mileage
2015-07-08T09:30:00Z,2015,Jul,Volkswagen,Passat,25000,200,9573.183348,64738.776976,262821,1,3327,31849981,BUDGET,High Mileage
2015-07-08T09:30:00Z,2015,Jul,Chevrolet,Corvette,88250,2400,27869.198502,44534.294007,186688,1,534,14882152,BUDGET,High Mileage
2015-07-08T07:30:00Z,2015,Jul,Dodge,Ram Pickup 1500,29200,300,9631.982990,110302.491943,335841,1,2234,21517850,BUDGET,High Mileage
2015-06-18T03:00:00Z,2015,Jun,Scion,xD,17100,2700,9256.395349,49489.430233,208893,13,172,1592100,BUDGET,High Mileage
2015-07-01T07:20:00Z,2015,Jul,Audi,Q5,44250,11200,27057.749077,45180.405904,165704,1669,542,14665300,BUDGET,High Mileage
2015-07-10T06:00:00Z,2015,Jul,Dodge,Grand Caravan,43500,200,11412.421987,66102.175796,999999,1,7941,90626043,BUDGET,High Mileage
2015-07-02T08:00:00Z,2015,Jul,Volkswagen,GTI,25200,600,10442.788462,71592.692308,227818,1,416,4344200,BUDGET,High Mileage
2015-07-03T06:00:00Z,2015,Jul,Audi,A3,32800,2100,15380.115830,58614.223938,228159,31,259,3983450,BUDGET,High Mileage
2015-07-09T07:30:00Z,2015,Jul,Lexus,RX 350,45600,7400,26741.796218,43797.663445,317385,215,2380,63645475,BUDGET,High Mileage
2015-06-18T03:00:00Z,2015,Jun,Hyundai,Equus,55000,17000,33029.545455,24824.606061,83174,23,132,4359900,BUDGET,High Mileage
2015-06-30T14:30:00Z,2015,Jun,Pontiac,G6,12900,375,4501.779953,106108.969751,270358,1,1686,7590001,BUDGET,High Mileage
2015-07-02T09:30:00Z,2015,Jul,BMW,6 Series,81000,1500,33414.681953,55070.210059,999999,1,676,22588325,BUDGET,High Mileage
2015-06-30T06:30:00Z,2015,Jun,Lexus,GX 470,28750,14000,19695.238095,97577.266667,230849,1,105,2068000,BUDGET,High Mileage
2015-07-08T07:15:00Z,2015,Jul,Mercury,Mariner,18200,700,6632.692308,101017.630225,287294,5167,312,2069400,BUDGET,High Mileage
2015-06-18T02:30:00Z,2015,Jun,Chevrolet,Malibu Maxx,6600,350,2655.232558,126159.255814,244178,29086,172,456700,BUDGET,High Mileage
2015-07-07T07:30:00Z,2015,Jul,BMW,7 Series,73000,200,17810.660219,87803.041281,291694,1,1189,21176875,BUDGET,High Mileage
2015-06-18T02:35:00Z,2015,Jun,Acura,CL,8000,300,1900.000000,159363.680412,392026,39857,97,184300,BUDGET,High Mileage
2015-06-30T06:30:00Z,2015,Jun,Buick,Rendezvous,9300,100,2778.222997,134385.655052,999999,1,287,797350,BUDGET,High Mileage
2015-06-19T02:00:00Z,2015,Jun,Ram,Promaster Cargo Van,27600,17000,22840.677966,17665.779661,54825,30,59,1347600,BUDGET,Medium Mileage
2015-07-07T07:00:00Z,2015,Jul,Dodge,Dart,26900,800,11653.748054,26053.361868,92968,1,1028,11980053,BUDGET,High Mileage
2015-07-09T07:00:00Z,2015,Jul,Land Rover,Range Rover,135000,200,39298.750000,64497.851010,211382,1,396,15562305,MID_RANGE,High Mileage
2015-06-19T02:00:00Z,2015,Jun,Saab,03-Sept,12800,200,3471.963277,102164.847458,282178,1,354,1229075,BUDGET,High Mileage
2015-06-19T02:00:00Z,2015,Jun,Kia,Cadenza,26000,2000,20839.387755,17510.840816,62033,719,245,5105650,BUDGET,High Mileage
2015-07-06T06:00:00Z,2015,Jul,Pontiac,Sunfire,3300,200,1008.333333,118538.903846,253218,1,105,105875,BUDGET,High Mileage
2015-06-19T02:00:00Z,2015,Jun,Hyundai,Elantra Touring,13400,1600,7603.740157,72990.031496,292548,9197,127,965675,BUDGET,High Mileage
2015-07-01T09:30:00Z,2015,Jul,Chevrolet,Silverado 1500 Classic,16800,1000,8403.989362,122423.707447,284899,44901,188,1579950,BUDGET,High Mileage
2015-06-18T11:30:00Z,2015,Jun,Infiniti,M45,14500,900,8035.820896,116603.447761,256367,60487,67,538400,BUDGET,High Mileage
2015-06-11T03:00:00Z,2015,Jun,Infiniti,M56,27000,19400,24045.000000,54508.300000,81200,20172,10,240450,BUDGET,High Mileage
2015-06-19T05:00:00Z,2015,Jun,Cadillac,CTS Wagon,26000,11500,17521.428571,60825.928571,92693,26323,14,245300,BUDGET,High Mileage
2015-06-19T05:00:00Z,2015,Jun,Mitsubishi,Mirage,12000,250,7926.540284,30337.957346,276743,21,211,1672500,BUDGET,High Mileage
2015-07-09T07:00:00Z,2015,Jul,Ford,Edge,36000,1200,18743.485883,47257.611196,305501,1,5915,110867719,BUDGET,High Mileage
2015-06-19T02:35:00Z,2015,Jun,Lexus,GS 350,47000,5500,28310.900783,40729.313316,199912,1569,766,21686150,BUDGET,High Mileage
2015-06-17T03:20:00Z,2015,Jun,GMC,Sierra 3500HD,56500,9000,34415.625000,74917.083333,251733,368,48,1651950,BUDGET,High Mileage
2015-07-09T07:30:00Z,2015,Jul,Chevrolet,Avalanche,38200,1000,13626.603120,112567.755633,387537,1,1154,15725100,BUDGET,High Mileage
2015-06-19T02:15:00Z,2015,Jun,Dodge,Ram Pickup 3500,38800,700,18958.457711,134715.407960,397857,1,201,3810650,BUDGET,High Mileage
2015-06-30T06:30:00Z,2015,Jun,BMW,Z4,56000,1000,22700.000000,51694.188406,220225,1,276,6265200,BUDGET,High Mileage
2015-06-19T05:00:00Z,2015,Jun,Toyota,Sequoia,53800,500,15420.637584,117989.283557,288668,1,596,9190700,BUDGET,High Mileage
2015-07-08T11:00:00Z,2015,Jul,MINI,Cooper Clubman,28500,1200,12260.793872,47543.824513,152279,1,359,4401625,BUDGET,High Mileage
2015-05-26T02:30:00Z,2015,May,Hyundai,XG300,2650,900,1494.444444,106632.222222,165210,50593,9,13450,BUDGET,High Mileage
2015-06-19T01:28:00Z,2015,Jun,Chevrolet,Express Cargo,25000,300,9301.599247,126669.837253,387123,1,1063,9887600,BUDGET,High Mileage
2015-06-18T11:30:00Z,2015,Jun,Kia,Spectra,7300,250,2527.617521,111469.213675,246700,17149,468,1182925,BUDGET,High Mileage
2015-01-14T04:30:00Z,2015,Jan,nissan,350z,16000,1100,7750.000000,113424.115385,999999,13776,52,403000,BUDGET,High Mileage
2015-06-16T02:30:00Z,2015,Jun,MINI,Cooper Roadster,25750,13500,19591.379310,17066.896552,80293,1244,29,568150,BUDGET,High Mileage
2015-06-30T08:15:00Z,2015,Jun,Jaguar,XF,47000,7700,23804.219949,48195.358056,148724,1125,391,9307450,BUDGET,High Mileage
2015-05-26T02:30:00Z,2015,May,Infiniti,QX50,35000,28600,32333.333333,11167.444444,20932,4250,9,291000,BUDGET,Medium Mileage
2015-07-07T06:00:00Z,2015,Jul,Mercedes-Benz,G-Class,141000,22250,82400.000000,37054.584615,126897,170,65,5356000,MID_RANGE,High Mileage
2015-06-18T03:30:00Z,2015,Jun,Jaguar,XK,80000,16000,44767.241379,25813.459770,93010,1967,87,3894750,BUDGET,High Mileage
2015-06-18T06:00:00Z,2015,Jun,Mitsubishi,Eclipse Spyder,13600,300,3720.246479,113275.605634,999999,1,142,528275,BUDGET,High Mileage
2015-06-19T02:00:00Z,2015,Jun,Volkswagen,Jetta GLI,22250,13200,18077.551020,21759.693878,52181,5106,49,885800,BUDGET,Medium Mileage
2015-07-08T07:30:00Z,2015,Jul,Cadillac,CTS Coupe,35400,16200,22981.012658,35906.613924,94436,958,158,3631000,BUDGET,High Mileage
2015-06-09T02:30:00Z,2015,Jun,Chevrolet,Caprice,3000,350,992.500000,115622.800000,260283,1,10,9925,BUDGET,High Mileage
2015-06-16T03:00:00Z,2015,Jun,Volvo,V40,4000,500,1716.666667,127583.619048,216531,45233,21,36050,BUDGET,High Mileage
2015-06-19T02:00:00Z,2015,Jun,Infiniti,M37,28200,10900,21567.744444,54069.166667,143888,15821,90,1941097,BUDGET,High Mileage
2015-06-19T02:15:00Z,2015,Jun,Chevrolet,Silverado 3500,30200,2000,14230.263158,164119.789474,378315,18155,38,540750,BUDGET,High Mileage
2015-05-21T05:00:00Z,2015,May,GMC,Suburban,3150,350,1225.000000,188549.900000,275176,128849,20,24500,BUDGET,High Mileage
2015-06-19T02:00:00Z,2015,Jun,BMW,6 Series Gran Coupe,73000,32250,55162.990741,22576.740741,64970,511,108,5957603,BUDGET,High Mileage
2015-06-02T11:05:00Z,2015,Jun,Acura,Legend,1800,200,597.222222,200834.777778,276026,140570,9,5375,BUDGET,High Mileage
2015-06-18T03:00:00Z,2015,Jun,BMW,2 Series,63500,25000,38490.625000,5741.937500,20901,66,32,1231700,BUDGET,Medium Mileage
2015-06-18T05:00:00Z,2015,Jun,Bentley,Continental Flying Spur,102000,43000,58451.612903,42444.870968,96822,13972,31,1812000,MID_RANGE,High Mileage
2015-06-16T10:30:00Z,2015,Jun,Lexus,LS 400,7000,200,2204.941860,174165.558140,358235,1,86,189625,BUDGET,High Mileage
2015-06-19T02:30:00Z,2015,Jun,Volvo,XC60,34500,9000,23890.776699,38001.609223,148263,3766,412,9843000,BUDGET,High Mileage
2015-06-18T02:45:00Z,2015,Jun,Chevrolet,Silverado 2500HD Classic,29900,2500,14178.461538,143199.476923,313174,43900,65,921600,BUDGET,High Mileage
2015-06-18T08:00:00Z,2015,Jun,Chevrolet,TrailBlazer EXT,8600,700,3409.736842,132031.200000,227098,57597,190,647850,BUDGET,High Mileage
2015-07-03T06:00:00Z,2015,Jul,BMW,M6 Gran Coupe,113000,86000,91843.333333,9716.400000,17025,4088,15,1377650,MID_RANGE,Low Mileage
2015-07-07T06:30:00Z,2015,Jul,Mitsubishi,Endeavor,16750,400,3756.043956,129525.082418,272574,23026,182,683600,BUDGET,High Mileage
2015-06-23T05:00:00Z,2015,Jun,BMW,Z3,11500,1600,4760.655738,98322.885246,222225,1,61,290400,BUDGET,High Mileage
2015-06-18T03:30:00Z,2015,Jun,Chevrolet,Silverado 1500HD,20000,2600,7335.227273,156268.295455,355898,57939,44,322750,BUDGET,High Mileage
2015-06-18T05:00:00Z,2015,Jun,Lincoln,Mark LT,23500,4400,12615.789474,114521.513158,227562,15885,76,958800,BUDGET,High Mileage
2015-06-18T03:25:00Z,2015,Jun,Saturn,L300,4500,300,1835.937500,115133.531250,180186,1,32,58750,BUDGET,High Mileage
2015-01-14T04:30:00Z,2015,Jan,mazda,rx8,11000,700,3732.558140,84492.186047,175655,1,43,160500,BUDGET,High Mileage
2015-02-12T04:00:00Z,2015,Feb,Toyota,Pickup,3400,700,1614.285714,234806.285714,379307,120927,7,11300,BUDGET,High Mileage
2015-05-21T05:30:00Z,2015,May,FIAT,500e,16000,12900,14133.333333,14632.000000,15783,12365,3,42400,BUDGET,Low Mileage
2015-05-28T05:00:00Z,2015,May,Ram,CV Tradesman,17200,13400,15512.500000,12012.500000,31723,79,4,62050,BUDGET,Medium Mileage
2015-06-09T06:00:00Z,2015,Jun,Chrysler,LHS,3200,150,807.954545,140120.545455,223937,62252,22,17775,BUDGET,High Mileage
2015-05-07T05:30:00Z,2015,May,Infiniti,J30,500,375,440.000000,181330.000000,308042,115204,5,2200,BUDGET,High Mileage
2015-06-17T04:40:00Z,2015,Jun,Audi,TT RS,47400,42500,44800.000000,28276.000000,36125,18763,3,134400,BUDGET,Medium Mileage
2015-01-29T04:00:00Z,2015,Jan,Maserati,GranSport,32500,31500,32000.000000,13678.500000,16495,10862,2,64000,BUDGET,Low Mileage
2015-06-16T07:00:00Z,2015,Jun,BMW,4 Series Gran Coupe,47500,37800,44233.333333,4807.916667,9391,872,12,530800,BUDGET,Low Mileage
2015-01-15T01:40:00Z,2015,Jan,Bentley,Continental GT Speed,96000,69750,79750.000000,29068.000000,37555,15640,3,239250,BUDGET,Medium Mileage
2015-01-14T02:00:00Z,2015,Jan,lexus,lx,26500,12700,18335.714286,141364.857143,282344,34590,21,385050,BUDGET,High Mileage
2015-01-14T03:30:00Z,2015,Jan,subaru,forester,8800,325,3805.603448,133421.586207,250944,68951,58,220725,BUDGET,High Mileage
2015-06-16T02:30:00Z,2015,Jun,Lexus,RC 350,47100,45000,45975.000000,2875.000000,7290,742,6,275850,BUDGET,Low Mileage
2015-06-04T05:30:00Z,2015,Jun,BMW,Z4 M,25750,15500,20300.000000,81466.600000,95506,63779,5,101500,BUDGET,High Mileage
2015-01-14T01:40:00Z,2015,Jan,porsche,911,59250,6800,30975.000000,63576.166667,196850,12537,18,557550,BUDGET,High Mileage
2015-01-14T07:10:00Z,2015,Jan,acura,rl,9000,3500,6252.173913,135725.043478,201144,95605,23,143800,BUDGET,High Mileage
2015-02-04T03:45:00Z,2015,Feb,Mazda,Tribute Hybrid,10400,10000,10200.000000,67699.500000,70689,64710,2,20400,BUDGET,High Mileage
2015-01-27T04:30:00Z,2015,Jan,Maserati,Coupe,14000,11500,12750.000000,71942.500000,95071,48814,2,25500,BUDGET,High Mileage
2015-06-18T03:00:00Z,2015,Jun,Chrysler,Prowler,28200,24800,26500.000000,14851.000000,16739,12963,2,53000,BUDGET,Low Mileage
2015-01-14T03:30:00Z,2015,Jan,chevrolet,malibu,8700,300,4892.857143,107679.380952,223567,38653,21,102750,BUDGET,High Mileage
2015-01-14T01:30:00Z,2015,Jan,volkswagen,routan,21800,21400,21600.000000,12469.000000,12824,12114,2,43200,BUDGET,Low Mileage
2015-05-28T05:00:00Z,2015,May,HUMMER,H1,45750,45750,45750.000000,65612.000000,65612,65612,1,45750,BUDGET,High Mileage
2015-01-14T06:30:00Z,2015,Jan,mercury,mountnr,700,700,700.000000,173370.000000,173370,173370,1,700,BUDGET,High Mileage
2015-01-28T10:00:00Z,2015,Jan,Bentley,Continental Supersports,101000,101000,101000.000000,5138.000000,5138,5138,1,101000,MID_RANGE,Low Mileage
2015-01-14T02:30:00Z,2015,Jan,chrysler,town,11000,400,4300.000000,129621.653846,358509,32911,26,111800,BUDGET,High Mileage
2015-01-13T12:00:00Z,2015,Jan,jeep,compass,18600,10000,15282.352941,20585.117647,50006,10072,17,259800,BUDGET,Medium Mileage
2014-12-16T12:00:00Z,2014,Dec,dodge tk,gr,550,550,550.000000,246997.000000,246997,246997,1,550,BUDGET,High Mileage
2015-01-06T05:10:00Z,2015,Jan,chevrolet,3500,6600,4700,5650.000000,217515.500000,263803,171228,2,11300,BUDGET,High Mileage
2015-01-13T18:00:00Z,2015,Jan,mazda,b2300,700,700,700.000000,218664.000000,218664,218664,1,700,BUDGET,High Mileage
2015-01-13T13:01:00Z,2015,Jan,chrysler,sebring,6300,275,1429.545455,125602.000000,186409,61442,11,15725,BUDGET,High Mileage
2015-01-08T11:30:00Z,2015,Jan,suzuki,sx4,3500,1050,2275.000000,72351.500000,83231,61472,2,4550,BUDGET,High Mileage
2015-01-06T02:00:00Z,2015,Jan,dodge,neon,800,800,800.000000,179976.000000,179976,179976,1,800,BUDGET,High Mileage
2014-12-30T13:01:00Z,2014,Dec,Dodge,Spirit,300,300,300.000000,135048.000000,135048,135048,1,300,BUDGET,High Mileage
2014-12-31T12:15:00Z,2014,Dec,mercedes,c230,6600,6600,6600.000000,126350.000000,126350,126350,1,6600,BUDGET,High Mileage
2015-06-11T02:30:00Z,2015,Jun,Ferrari,360,81000,81000,81000.000000,16309.000000,16309,16309,1,81000,BUDGET,Low Mileage
2014-12-18T12:00:00Z,2014,Dec,plymouth,breeze,1100,900,1000.000000,94487.000000,111140,77834,2,2000,BUDGET,High Mileage
2014-12-18T18:30:00Z,2014,Dec,suzuki,swift,1800,1800,1800.000000,142389.000000,142389,142389,1,1800,BUDGET,High Mileage
2015-01-08T02:00:00Z,2015,Jan,volkswagen,passat,4500,1400,2623.076923,124609.538462,243627,54299,13,34100,BUDGET,High Mileage
2015-01-13T10:00:00Z,2015,Jan,cadillac,escalade,3600,3200,3400.000000,222567.000000,227116,218018,2,6800,BUDGET,High Mileage
2015-07-06T06:30:00Z,2015,Jul,BMW,M5,102000,6200,41897.252336,53692.906542,194063,1,107,4483006,MID_RANGE,High Mileage
2015-07-09T07:30:00Z,2015,Jul,Chevrolet,Cruze,35500,1100,11136.375866,38010.046786,999999,1,6348,70693714,BUDGET,High Mileage
2015-07-07T06:30:00Z,2015,Jul,Chevrolet,Camaro,65200,350,19334.105128,39784.330256,265707,63,1950,37701505,BUDGET,High Mileage
2015-07-09T06:00:00Z,2015,Jul,Audi,S5,52200,15600,32837.328767,41858.438356,105259,3586,146,4794250,BUDGET,High Mileage
2015-06-19T02:00:00Z,2015,Jun,Acura,ILX,24800,8750,18810.000000,25933.450000,106756,1943,140,2633400,BUDGET,High Mileage
2015-07-09T07:00:00Z,2015,Jul,Nissan,Versa Note,31500,1400,10334.044073,15886.319149,66413,1,658,6799801,BUDGET,High Mileage
2015-07-14T06:30:00Z,2015,Jul,Chevrolet,Silverado 2500HD,55500,400,20786.732502,101150.252252,368971,1,1443,29995255,BUDGET,High Mileage
2015-07-09T09:00:00Z,2015,Jul,Hyundai,Accent,20000,225,7604.329083,49131.110730,313482,1,2041,15505227,BUDGET,High Mileage
2015-07-02T09:30:00Z,2015,Jul,Volvo,V60,30300,19700,26615.662651,14608.072289,35561,6435,83,2209100,BUDGET,Medium Mileage
2015-06-19T02:20:00Z,2015,Jun,Hyundai,Sonata Hybrid,28800,2400,15571.556777,29521.335165,153790,1,546,8502070,BUDGET,High Mileage
2015-07-02T09:00:00Z,2015,Jul,Mitsubishi,Outlander,26200,500,12348.384354,58116.129252,339559,1,588,7260850,BUDGET,High Mileage
2015-07-08T09:30:00Z,2015,Jul,Mercedes-Benz,E-Class,81500,1,21500.111998,61529.655767,310930,1,3884,83506435,BUDGET,High Mileage
2015-07-07T09:00:00Z,2015,Jul,Nissan,Juke,22000,2200,14858.872651,30519.912317,151333,1,479,7117400,BUDGET,High Mileage
2015-07-01T07:20:00Z,2015,Jul,Volkswagen,Beetle,27100,1400,12717.943107,28160.735230,92896,198,457,5812100,BUDGET,High Mileage
2015-07-09T13:30:00Z,2015,Jul,Nissan,Maxima,29800,175,13043.432612,64859.129198,380347,1,6611,86230133,BUDGET,High Mileage
2015-07-08T07:30:00Z,2015,Jul,Nissan,Armada,42000,600,15859.704689,89816.915082,283003,1,789,12513307,BUDGET,High Mileage
2015-07-07T09:30:00Z,2015,Jul,Lexus,RX 450h,45250,13500,30355.617978,47031.662921,154618,10627,178,5403300,BUDGET,High Mileage
2015-06-19T02:00:00Z,2015,Jun,Nissan,NV200,19300,6500,15956.896552,18485.965517,106495,1799,29,462750,BUDGET,High Mileage
2015-07-14T06:30:00Z,2015,Jul,Toyota,Tundra,43500,1000,20961.207002,79241.005327,376426,1,1314,27543026,BUDGET,High Mileage
2015-06-19T05:00:00Z,2015,Jun,Audi,A5,42600,10900,24540.389972,41360.754875,168454,1,359,8810000,BUDGET,High Mileage
2015-07-02T08:00:00Z,2015,Jul,MINI,Cooper Coupe,21000,10900,15791.025641,23243.794872,54591,681,39,615850,BUDGET,Medium Mileage
2015-06-24T05:15:00Z,2015,Jun,Ford,F-350 Super Duty,55300,1,22417.928762,105091.667558,360411,388,1123,25175334,BUDGET,High Mileage
2015-07-09T17:15:00Z,2015,Jul,Chevrolet,Equinox,38000,200,12345.911717,69166.541514,264233,1,4916,60692502,BUDGET,High Mileage
2015-06-24T05:15:00Z,2015,Jun,Honda,Crosstour,27750,9000,18039.500000,35907.103333,102094,7293,300,5411850,BUDGET,High Mileage
2015-06-18T05:30:00Z,2015,Jun,BMW,X6 M,78000,36000,58284.615385,26077.307692,59982,2632,26,1515400,BUDGET,Medium Mileage
2015-07-08T07:30:00Z,2015,Jul,GMC,Acadia,46200,2200,17841.168633,72910.906050,326838,8,2034,36288937,BUDGET,High Mileage
2015-07-03T06:20:00Z,2015,Jul,Chevrolet,Impala Limited,34500,2600,13852.859347,19452.629764,53476,2820,1102,15265851,BUDGET,Medium Mileage
2015-07-02T17:15:00Z,2015,Jul,Honda,Ridgeline,33600,4650,17320.351759,80805.678392,223004,1,199,3446750,BUDGET,High Mileage
2015-06-19T02:30:00Z,2015,Jun,Ford,Explorer Sport Trac,26400,650,8120.471464,121007.605459,316543,1,403,3272550,BUDGET,High Mileage
2015-06-19T02:00:00Z,2015,Jun,Volvo,C30,22200,3900,11853.750000,61895.200000,145058,18695,40,474150,BUDGET,High Mileage
2015-06-18T08:00:00Z,2015,Jun,Saturn,ION,6600,300,2035.239085,119258.654886,322321,1,481,978950,BUDGET,High Mileage
2015-07-07T07:00:00Z,2015,Jul,Ford,Five Hundred,7500,300,3048.393855,121787.748603,256493,1,358,1091325,BUDGET,High Mileage
2015-06-19T02:00:00Z,2015,Jun,Honda,S2000,27800,3300,12807.608696,96810.717391,200545,12640,46,589150,BUDGET,High Mileage
2015-07-01T06:00:00Z,2015,Jul,Lexus,GS 300,15500,900,8061.643836,132264.027397,326827,24565,219,1765500,BUDGET,High Mileage
2015-06-18T02:30:00Z,2015,Jun,GMC,Canyon,23800,1400,9759.745763,99242.991525,277883,1,118,1151650,BUDGET,High Mileage
2015-06-18T02:15:00Z,2015,Jun,Ford,Freestar,7200,100,1748.469466,124123.573077,265776,1,262,458099,BUDGET,High Mileage
2015-07-01T07:00:00Z,2015,Jul,Toyota,Celica,6900,250,2231.500000,153245.150000,290437,1,100,223150,BUDGET,High Mileage
2015-06-18T03:00:00Z,2015,Jun,Ford,Thunderbird,20200,350,11866.836735,68343.040816,241381,7197,98,1162950,BUDGET,High Mileage
2015-06-18T05:02:00Z,2015,Jun,Ford,Explorer Sport,3500,250,1187.595420,157012.511450,298295,66495,131,155575,BUDGET,High Mileage
2015-06-09T06:00:00Z,2015,Jun,Mazda,Millenia,3600,250,1183.962264,140251.396226,257439,45168,53,62750,BUDGET,High Mileage
2015-06-18T09:20:00Z,2015,Jun,Infiniti,G20,3100,200,992.948718,160938.153846,251161,66686,39,38725,BUDGET,High Mileage
2015-06-24T03:00:00Z,2015,Jun,Maserati,Quattroporte,87750,1200,31487.121212,40638.742424,99048,1,66,2078150,BUDGET,High Mileage
2015-07-07T09:00:00Z,2015,Jul,Infiniti,Q50,38500,15300,29399.411874,15694.717996,44302,113,539,15846283,BUDGET,Medium Mileage
2015-06-18T03:45:00Z,2015,Jun,Ram,C/V Cargo Van,12600,3000,7300.000000,96426.976744,179630,25121,43,313900,BUDGET,High Mileage
2015-06-19T02:15:00Z,2015,Jun,Ford,Expedition EL,19000,5200,11881.617647,114620.852941,197364,59387,68,807950,BUDGET,High Mileage
2015-06-18T09:00:00Z,2015,Jun,Mercury,Montego,8200,350,3023.118280,115680.467391,209352,1,93,281150,BUDGET,High Mileage
2015-06-03T05:00:00Z,2015,Jun,Pontiac,Montana SV6,4900,1100,2962.500000,113796.250000,129070,85853,4,11850,BUDGET,High Mileage
2015-07-07T17:15:00Z,2015,Jul,Chrysler,Voyager,3300,400,1168.421053,128760.368421,232242,29938,19,22200,BUDGET,High Mileage
2015-06-04T09:20:00Z,2015,Jun,Volkswagen,EuroVan,4000,1800,2757.142857,168094.428571,194394,145614,7,19300,BUDGET,High Mileage
2015-06-11T02:05:00Z,2015,Jun,Mercedes-Benz,300-Class,4100,250,940.909091,158006.454545,221320,84422,11,10350,BUDGET,High Mileage
2015-06-19T02:00:00Z,2015,Jun,Volkswagen,Beetle Convertible,24000,9600,18114.406780,15337.864407,42709,243,59,1068750,BUDGET,Medium Mileage
2015-06-15T11:00:00Z,2015,Jun,Lexus,IS 350 C,38750,23750,29355.882353,33877.000000,60730,14978,17,499050,BUDGET,High Mileage
2015-06-23T02:01:00Z,2015,Jun,BMW,X1,60000,17000,28762.009063,16031.271903,63775,172,331,9520225,BUDGET,High Mileage
2015-07-02T07:45:00Z,2015,Jul,Nissan,Cube,14700,2200,8257.692308,59484.185315,180756,1655,286,2361700,BUDGET,High Mileage
2015-07-09T09:00:00Z,2015,Jul,Subaru,Legacy,27400,250,13258.948291,56755.888694,249362,1,1141,15128460,BUDGET,High Mileage
2015-07-07T06:30:00Z,2015,Jul,Land Rover,Range Rover Sport,98000,11500,36011.014686,55067.449933,175317,1172,749,26972250,BUDGET,High Mileage
2015-07-07T06:30:00Z,2015,Jul,Honda,Pilot,37000,1100,18463.189072,67909.125242,293186,1,2068,38181875,BUDGET,High Mileage
2015-07-07T09:30:00Z,2015,Jul,Lincoln,Navigator,59000,300,15853.965186,98165.387755,325140,1,833,13206353,BUDGET,High Mileage
2015-07-08T07:30:00Z,2015,Jul,Audi,Q7,58000,5000,26346.875000,66682.681250,233906,3359,480,12646500,BUDGET,High Mileage
2015-06-19T02:15:00Z,2015,Jun,Infiniti,QX56,47600,3400,21682.728311,95797.554795,248851,1,438,9497035,BUDGET,High Mileage
2015-07-07T09:00:00Z,2015,Jul,Jeep,Commander,25500,1100,7760.134128,110050.250373,239996,12497,671,5207050,BUDGET,High Mileage
2015-06-19T02:30:00Z,2015,Jun,Dodge,Magnum,19600,300,4271.733333,122000.728000,313178,1,375,1601900,BUDGET,High Mileage
2015-06-30T09:00:00Z,2015,Jun,Porsche,Cayman S,35000,14500,25200.000000,54874.266667,118694,11780,15,378000,BUDGET,High Mileage
2015-06-18T09:20:00Z,2015,Jun,Infiniti,I30,3500,250,1538.698630,159350.301370,349837,51193,73,112325,BUDGET,High Mileage
2015-01-14T04:30:00Z,2015,Jan,toyota,sienna,2700,500,1628.906250,196967.875000,359123,114536,32,52125,BUDGET,High Mileage
2015-06-17T08:25:00Z,2015,Jun,Pontiac,Bonneville,5100,250,1513.888889,139574.237037,273707,1,135,204375,BUDGET,High Mileage
2015-06-18T08:30:00Z,2015,Jun,Dodge,Intrepid,2550,175,618.695652,142500.652174,267879,1,115,71150,BUDGET,High Mileage
2015-06-19T08:00:00Z,2015,Jun,Mitsubishi,Diamante,2900,300,908.035714,157328.892857,289257,83983,28,25425,BUDGET,High Mileage
2015-03-05T03:00:00Z,2015,Mar,Lexus,SC 300,4500,300,1509.090909,178525.818182,258310,1,11,16600,BUDGET,High Mileage
2015-06-18T05:30:00Z,2015,Jun,BMW,M4,78000,64000,69455.000000,4187.900000,7118,73,10,694550,BUDGET,Low Mileage
2015-06-19T02:35:00Z,2015,Jun,Buick,LeSabre,7500,200,1994.226908,120840.435223,275315,1,498,993125,BUDGET,High Mileage
2015-06-23T02:00:00Z,2015,Jun,Lincoln,Continental,4700,200,1226.865672,126883.611940,244568,1,67,82200,BUDGET,High Mileage
2015-06-18T05:00:00Z,2015,Jun,Suzuki,Kizashi,12200,4100,8393.750000,54990.718750,117009,14108,32,268600,BUDGET,High Mileage
2015-06-19T02:00:00Z,2015,Jun,Chevrolet,Silverado 3500HD,54900,7750,31140.584416,72457.610390,435589,4148,154,4795650,BUDGET,High Mileage
2015-01-15T02:00:00Z,2015,Jan,kia,borrego,11000,7000,9000.000000,78563.000000,112614,44512,2,18000,BUDGET,High Mileage
2015-06-18T03:30:00Z,2015,Jun,Land Rover,LR3,20700,9000,14598.717949,86888.846154,139201,43115,39,569350,BUDGET,High Mileage
2015-06-16T02:30:00Z,2015,Jun,Chevrolet,Classic,4200,325,1597.767857,130178.553571,269688,65654,56,89475,BUDGET,High Mileage
2015-06-02T05:30:00Z,2015,Jun,Audi,RS 6,16700,11200,13656.250000,90184.625000,111387,57648,8,109250,BUDGET,High Mileage
2015-06-09T02:30:00Z,2015,Jun,Chrysler,Cirrus,2000,200,645.192308,115624.846154,210174,1,26,16775,BUDGET,High Mileage
2015-06-02T06:00:00Z,2015,Jun,Kia,Sephia,1200,150,556.250000,138999.187500,258203,50112,16,8900,BUDGET,High Mileage
2015-07-07T10:00:00Z,2015,Jul,Ram,C/V Tradesman,16800,3500,8942.857143,80555.107143,147955,1400,28,250400,BUDGET,High Mileage
2015-06-24T04:45:00Z,2015,Jun,Mazda,Mazdaspeed Mazda3,11400,1900,8127.777778,94896.000000,199395,50692,18,146300,BUDGET,High Mileage
2015-06-17T05:30:00Z,2015,Jun,Ford,Escort,1900,100,605.238095,126955.657143,317591,15443,105,63550,BUDGET,High Mileage
2015-06-11T02:30:00Z,2015,Jun,Mazda,3,17800,500,10725.714286,54750.400000,160719,1,35,375400,BUDGET,High Mileage
2015-06-16T02:30:00Z,2015,Jun,Mercury,Mariner Hybrid,10200,1800,6008.695652,103171.217391,144566,68260,23,138200,BUDGET,High Mileage
2015-06-11T09:20:00Z,2015,Jun,GMC,envoy,3000,200,763.750000,155860.150000,325682,62953,20,15275,BUDGET,High Mileage
2015-06-04T03:00:00Z,2015,Jun,Mitsubishi,i-MiEV,12300,4200,7290.476190,9468.666667,24732,931,21,153100,BUDGET,Medium Mileage
2015-06-16T07:00:00Z,2015,Jun,BMW,3 Series Gran Turismo,57000,26500,39039.041096,6013.698630,28311,670,73,2849850,BUDGET,Medium Mileage
2015-01-13T10:00:00Z,2015,Jan,mercury,villager,1400,275,576.923077,170774.461538,292502,89099,13,7500,BUDGET,High Mileage
2015-01-14T09:00:00Z,2015,Jan,ford,expeditn,13900,3200,10319.047619,115293.428571,206104,80504,21,216700,BUDGET,High Mileage
2015-06-04T06:00:00Z,2015,Jun,Suzuki,Aerio,3600,450,1360.869565,129478.130435,204142,61284,23,31300,BUDGET,High Mileage
2015-02-27T01:25:00Z,2015,Feb,HUMMER,H3T,26200,17600,21508.333333,68360.666667,86102,58315,6,129050,BUDGET,High Mileage
2015-05-28T07:00:00Z,2015,May,Buick,Riviera,3000,650,1487.500000,124595.750000,231099,57312,4,5950,BUDGET,High Mileage
2015-01-21T04:30:00Z,2015,Jan,GMC,Safari,3100,1550,2266.666667,127931.333333,138181,117642,3,6800,BUDGET,High Mileage
2015-01-14T08:00:00Z,2015,Jan,mazda,cx-7,11100,2300,4928.541667,102129.895833,160684,49607,48,236570,BUDGET,High Mileage
2015-06-19T02:15:00Z,2015,Jun,Infiniti,FX50,28800,16200,21650.000000,91129.000000,131826,49583,6,129900,BUDGET,High Mileage
2015-06-18T03:30:00Z,2015,Jun,Plymouth,Prowler,26500,7100,20688.888889,30791.666667,104166,1,9,186200,BUDGET,High Mileage
2015-06-16T06:00:00Z,2015,Jun,Suzuki,Esteem,1100,200,525.000000,167196.500000,176694,148033,4,2100,BUDGET,High Mileage
2015-05-26T03:00:00Z,2015,May,Nissan,300ZX,2300,200,1137.500000,147950.000000,183646,74055,4,4550,BUDGET,High Mileage
2015-06-17T03:20:00Z,2015,Jun,BMW,X4,55500,48500,51620.000000,8341.600000,11325,3887,5,258100,BUDGET,Low Mileage
2015-06-17T03:00:00Z,2015,Jun,Chevrolet,Silverado 1500 Hybrid,20200,17400,18400.000000,56886.333333,77682,29738,3,55200,BUDGET,High Mileage
2015-05-21T05:00:00Z,2015,May,Aston Martin,DB9,68000,41500,51166.666667,31555.833333,45176,7210,6,307000,BUDGET,Medium Mileage
2015-05-28T03:30:00Z,2015,May,Dodge,Sprinter,14200,7000,9866.666667,156622.333333,168847,137668,3,29600,BUDGET,High Mileage
2015-01-15T12:30:00Z,2015,Jan,bmw,750li,54750,24500,40914.166667,41548.666667,101300,2927,30,1227425,BUDGET,High Mileage
2015-01-14T06:20:00Z,2015,Jan,mazda,mazda5,6800,2400,3587.500000,114476.300000,151688,53592,20,71750,BUDGET,High Mileage
2015-01-14T01:30:00Z,2015,Jan,nissan,pathfind,3500,950,1983.333333,179833.666667,204075,132267,3,5950,BUDGET,High Mileage
2015-01-14T02:30:00Z,2015,Jan,buick,regal,18000,400,10585.000000,34025.600000,65658,12818,5,52925,BUDGET,High Mileage
2015-03-04T02:30:00Z,2015,Mar,Ford,F-250,1100,1100,1100.000000,180819.000000,180819,180819,1,1100,BUDGET,High Mileage
2015-01-08T11:30:00Z,2015,Jan,suzuki,grand,9700,8000,8850.000000,58707.500000,87331,30084,2,17700,BUDGET,High Mileage
2014-12-23T10:00:00Z,2014,Dec,pontiac,pursuit,1600,800,1200.000000,141797.000000,161763,121831,2,2400,BUDGET,High Mileage
2015-01-07T12:30:00Z,2015,Jan,volkswagen,eurovan,10200,8700,9450.000000,77974.500000,86653,69296,2,18900,BUDGET,High Mileage
2015-01-15T04:00:00Z,2015,Jan,Dodge,Ram Van,1200,1200,1200.000000,106595.000000,106595,106595,1,1200,BUDGET,High Mileage
2014-12-18T18:30:00Z,2014,Dec,mercedes,b200,3750,3400,3575.000000,163846.000000,196744,130948,2,7150,BUDGET,High Mileage
2015-01-08T12:00:00Z,2015,Jan,chevrolet,2500,11500,1900,8025.000000,150224.000000,231400,61313,8,64200,BUDGET,High Mileage
2015-01-13T10:30:00Z,2015,Jan,chevrolet,camaro,2800,400,1265.000000,103361.666667,183054,1,10,12650,BUDGET,High Mileage
2015-01-13T10:00:00Z,2015,Jan,oldsmobile,ciera,800,275,465.000000,127159.800000,205171,72942,5,2325,BUDGET,High Mileage
2015-01-06T10:00:00Z,2015,Jan,chevrolet,cruze,8000,8000,8000.000000,79071.000000,79071,79071,1,8000,BUDGET,High Mileage
2015-01-07T12:30:00Z,2015,Jan,mercedes,c240s,3500,3500,3500.000000,133653.000000,133653,133653,1,3500,BUDGET,High Mileage
2014-12-18T12:30:00Z,2014,Dec,mercedes,g55,39000,32750,35875.000000,113218.500000,143877,82560,2,71750,BUDGET,High Mileage
2015-01-14T04:30:00Z,2015,Jan,chrysler,300,10300,2600,7300.000000,328980.750000,999999,81029,4,29200,BUDGET,High Mileage
2015-01-07T12:30:00Z,2015,Jan,dodge,charger,5600,3100,4066.666667,152487.000000,217378,106999,3,12200,BUDGET,High Mileage
2015-01-08T09:45:00Z,2015,Jan,bmw,alp,61000,39100,51700.000000,38115.666667,50960,30999,3,155100,BUDGET,Medium Mileage
2015-01-06T02:00:00Z,2015,Jan,mazda,mazda6,7900,1000,4320.000000,125786.600000,183509,94068,5,21600,BUDGET,High Mileage
2014-12-18T09:15:00Z,2014,Dec,porsche,carrera,30200,30200,30200.000000,48164.000000,48164,48164,1,30200,BUDGET,Medium Mileage
2014-12-30T10:30:00Z,2014,Dec,plymouth,grand,1000,500,750.000000,138724.000000,170580,106868,2,1500,BUDGET,High Mileage
2015-06-02T03:00:00Z,2015,Jun,Audi,Q3,30400,30400,30400.000000,1404.000000,1404,1404,1,30400,BUDGET,Low Mileage
2014-12-18T12:00:00Z,2014,Dec,nissan,versa,8000,8000,8000.000000,28280.000000,28280,28280,1,8000,BUDGET,Medium Mileage
2015-01-14T04:15:00Z,2015,Jan,bmw,328i,13900,13900,13900.000000,49466.000000,49466,49466,1,13900,BUDGET,Medium Mileage
2015-07-09T06:45:00Z,2015,Jul,Mercedes-Benz,CLK-Class,25800,350,7730.398323,96219.494759,268399,1,477,3687400,BUDGET,High Mileage
2015-07-09T07:00:00Z,2015,Jul,Toyota,Camry,41200,150,11179.498446,66820.703804,999999,1,12545,140246808,BUDGET,High Mileage
2015-07-14T06:30:00Z,2015,Jul,Chevrolet,Silverado 1500,59500,250,16868.712040,84280.357289,999999,1,6362,107318746,BUDGET,High Mileage
2015-07-08T07:20:00Z,2015,Jul,Dodge,Durango,43600,100,14524.655825,86611.241262,433117,1,2060,29920791,BUDGET,High Mileage
2015-07-09T06:00:00Z,2015,Jul,Ford,Mustang,58600,200,13784.516970,58222.337038,259242,1,4950,68233359,BUDGET,High Mileage
2015-07-09T08:00:00Z,2015,Jul,Ford,Escape,230000,225,13985.734930,56152.312874,999999,1,11861,165884802,EXPENSIVE,High Mileage
2015-06-19T02:30:00Z,2015,Jun,Kia,Sedona,24250,200,7516.155391,81880.242328,999999,1,946,7110283,BUDGET,High Mileage
2015-07-08T17:15:00Z,2015,Jul,Nissan,GT-R,86400,46500,73061.475410,12895.573770,44852,27,61,4456750,BUDGET,Medium Mileage
2015-07-08T07:30:00Z,2015,Jul,Honda,CR-V,27000,325,13372.973660,76564.796018,378031,1,3265,43662759,BUDGET,High Mileage
2015-07-01T07:30:00Z,2015,Jul,Lincoln,MKZ,57400,900,17374.647887,37052.771127,208477,1,1704,29606400,BUDGET,High Mileage
2015-07-03T08:55:00Z,2015,Jul,Mazda,CX-5,27500,6700,19167.658777,25334.641026,91852,1,507,9718003,BUDGET,High Mileage
2015-07-14T06:30:00Z,2015,Jul,Ram,1500,44500,5000,22914.223807,37413.321761,205831,1,3226,73921286,BUDGET,High Mileage
2015-07-08T09:30:00Z,2015,Jul,Cadillac,Escalade,83000,250,21970.839391,99538.459848,298873,1,1183,25991503,BUDGET,High Mileage
2015-07-08T10:30:00Z,2015,Jul,Lincoln,MKX,38700,2700,22634.879310,46499.752586,234452,1,1160,26256460,BUDGET,High Mileage
2015-07-07T10:10:00Z,2015,Jul,Toyota,Camry Hybrid,25500,3000,13829.326087,66533.023411,284316,214,598,8269937,BUDGET,High Mileage
2015-06-23T05:30:00Z,2015,Jun,Honda,Fit,17400,1450,8999.603175,60165.625850,246552,1,441,3968825,BUDGET,High Mileage
2015-07-09T06:45:00Z,2015,Jul,Infiniti,G Coupe,44700,10250,22437.727558,28378.142498,98605,1659,1593,35743300,BUDGET,High Mileage
2015-07-08T07:30:00Z,2015,Jul,Lincoln,MKS,35400,5000,21686.477221,34867.369021,274581,85,878,19040727,BUDGET,High Mileage
2015-07-09T09:00:00Z,2015,Jul,Mercedes-Benz,GLK-Class,42000,8600,25231.984831,39538.539090,201676,1666,857,21623811,BUDGET,High Mileage
2015-07-08T17:15:00Z,2015,Jul,Chevrolet,Captiva Sport,31800,1700,13514.228346,37264.164370,171811,1,1016,13730456,BUDGET,High Mileage
2015-07-08T07:30:00Z,2015,Jul,Ford,Flex,34700,4300,19115.833471,54039.889809,260350,10,1207,23072811,BUDGET,High Mileage
2015-06-25T05:00:00Z,2015,Jun,Mitsubishi,Lancer,24600,425,8042.338491,56372.681818,522212,1,1034,8315778,BUDGET,High Mileage
2015-07-07T06:30:00Z,2015,Jul,Jeep,Liberty,24000,400,7801.871283,96051.920939,999999,1,2556,19941583,BUDGET,High Mileage
2015-07-07T06:30:00Z,2015,Jul,Scion,tC,20000,800,9413.040346,65916.919308,249742,1,694,6532650,BUDGET,High Mileage
2015-07-07T08:00:00Z,2015,Jul,Lexus,LS 460,67500,11000,29057.299652,68894.088850,247019,1,574,16678890,BUDGET,High Mileage
2015-07-08T17:15:00Z,2015,Jul,Chevrolet,Aveo,9100,300,3494.220779,84186.046753,228038,1,770,2690550,BUDGET,High Mileage
2015-06-17T05:30:00Z,2015,Jun,Chevrolet,Tahoe Hybrid,23500,5300,14195.454545,124554.181818,263009,64972,33,468450,BUDGET,High Mileage
2015-06-19T02:30:00Z,2015,Jun,Mercury,Milan,10100,400,4720.620438,101433.791971,233289,14391,274,1293450,BUDGET,High Mileage
2015-07-09T07:30:00Z,2015,Jul,Toyota,FJ Cruiser,37100,3900,18938.831169,83366.400000,338268,1,385,7291450,BUDGET,High Mileage
2015-06-19T02:00:00Z,2015,Jun,GMC,Envoy,14100,300,4253.013029,131635.167752,303326,1,614,2611350,BUDGET,High Mileage
2015-06-18T03:45:00Z,2015,Jun,Jaguar,XJ-Series,27600,250,5556.857143,99840.720000,224256,1,175,972450,BUDGET,High Mileage
2015-07-08T09:30:00Z,2015,Jul,Ford,Econoline Cargo,18700,300,4693.033333,156900.462667,350188,1,750,3519775,BUDGET,High Mileage
2015-06-18T09:20:00Z,2015,Jun,Pontiac,Grand Am,4700,200,1226.433486,138974.651376,373703,1,436,534725,BUDGET,High Mileage
2015-07-07T09:00:00Z,2015,Jul,Mercedes-Benz,SL-Class,127000,2300,31152.068966,56693.763218,167927,1,435,13551150,MID_RANGE,High Mileage
2015-06-16T06:10:00Z,2015,Jun,Saab,9-7X,9900,1700,4870.754717,106204.207547,202963,41061,53,258150,BUDGET,High Mileage
2015-07-07T09:30:00Z,2015,Jul,Chrysler,PT Cruiser,10200,100,2259.402924,103965.781301,250951,1,1231,2781325,BUDGET,High Mileage
2015-07-09T06:15:00Z,2015,Jul,Infiniti,G Convertible,38500,18250,26261.764706,30352.024768,69598,4453,323,8482550,BUDGET,High Mileage
2015-07-03T06:00:00Z,2015,Jul,HUMMER,H2 SUT,39750,13600,23199.230769,96291.723077,213432,36594,65,1507950,BUDGET,High Mileage
2015-07-07T10:00:00Z,2015,Jul,Suzuki,XL7,9800,520,4585.608108,106078.898649,217177,41713,148,678670,BUDGET,High Mileage
2015-06-17T05:05:00Z,2015,Jun,Mitsubishi,Montero,7700,500,2754.687500,153118.812500,250791,69006,64,176300,BUDGET,High Mileage
2015-07-07T06:15:00Z,2015,Jul,Infiniti,G37,21900,4200,13469.651163,77590.688372,185458,1,215,2895975,BUDGET,High Mileage
2015-06-18T03:30:00Z,2015,Jun,Lincoln,Blackwood,12400,5000,7700.000000,133716.714286,251553,85939,7,53900,BUDGET,High Mileage
2015-06-17T03:00:00Z,2015,Jun,Lexus,GS 400,7300,1100,2360.000000,145186.700000,239861,1,20,47200,BUDGET,High Mileage
2015-06-16T03:15:00Z,2015,Jun,Chevrolet,Astro Cargo,8700,300,2329.347826,168851.347826,334526,1,46,107150,BUDGET,High Mileage
2015-06-18T06:00:00Z,2015,Jun,Subaru,WRX,37600,22300,29900.000000,9039.393939,23646,818,33,986700,BUDGET,Medium Mileage
2015-07-08T07:00:00Z,2015,Jul,Ford,Transit Van,27000,19500,23823.684211,12473.736842,23033,18,19,452650,BUDGET,Medium Mileage
2015-06-19T02:00:00Z,2015,Jun,BMW,M,17500,4700,10342.857143,103817.285714,170521,39082,7,72400,BUDGET,High Mileage
2015-07-02T07:30:00Z,2015,Jul,Cadillac,XTS,46000,11800,30246.458065,23412.232258,96882,1074,155,4688201,BUDGET,High Mileage
2015-06-19T02:20:00Z,2015,Jun,Hyundai,Santa Fe Sport,30600,4000,19835.032895,20734.263158,55649,7,304,6029850,BUDGET,Medium Mileage
2015-07-09T07:30:00Z,2015,Jul,Mitsubishi,Outlander Sport,21500,3000,13546.617916,30909.478976,172086,1581,547,7410000,BUDGET,High Mileage
2015-07-14T06:30:00Z,2015,Jul,Chevrolet,Malibu,33500,100,9115.978515,67971.351694,999999,1,7028,64067097,BUDGET,High Mileage
2015-07-07T06:00:00Z,2015,Jul,Ford,E-Series Wagon,27500,2750,19404.217629,35208.791732,317936,1734,1282,24876207,BUDGET,High Mileage
2015-07-08T09:30:00Z,2015,Jul,Nissan,Leaf,18250,4500,10340.519155,20453.443197,104753,1,1514,15655546,BUDGET,High Mileage
2015-07-07T06:30:00Z,2015,Jul,Nissan,Quest,29200,350,9866.587282,80970.124688,999999,1,802,7913003,BUDGET,High Mileage
2015-07-02T09:00:00Z,2015,Jul,Mazda,Mazda2,21300,600,8232.787081,42919.547847,194582,1,418,3441305,BUDGET,High Mileage
2015-06-30T06:30:00Z,2015,Jun,Cadillac,Escalade EXT,43800,2400,18641.233766,101974.987013,287169,1,154,2870750,BUDGET,High Mileage
2015-06-19T02:15:00Z,2015,Jun,Nissan,NV,33250,5600,14819.047619,66609.452381,206849,1708,42,622400,BUDGET,High Mileage
2015-06-18T08:00:00Z,2015,Jun,Ford,Freestyle,7600,325,2661.600719,128159.725632,268630,1,278,739925,BUDGET,High Mileage
2015-07-07T10:00:00Z,2015,Jul,Hyundai,Tiburon,10200,300,3056.570681,103468.371728,267190,1,191,583805,BUDGET,High Mileage
2015-07-09T07:30:00Z,2015,Jul,Subaru,XV Crosstrek,24600,5200,20982.238806,17626.716418,82380,1,201,4217430,BUDGET,High Mileage
2015-06-19T02:00:00Z,2015,Jun,Hyundai,Genesis Coupe,29400,1600,15762.244898,34603.789116,145334,501,294,4634100,BUDGET,High Mileage
2015-06-19T02:00:00Z,2015,Jun,Maserati,GranTurismo,95000,33750,60662.500000,25057.714286,55013,3265,28,1698550,BUDGET,Medium Mileage
2015-06-17T05:30:00Z,2015,Jun,Mazda,Protege5,3500,300,1637.234043,149627.319149,252176,80407,47,76950,BUDGET,High Mileage
2015-06-19T02:00:00Z,2015,Jun,Mercedes-Benz,CL-Class,81000,1700,26103.714286,71694.782857,194733,5140,175,4568150,BUDGET,High Mileage
2015-07-08T09:30:00Z,2015,Jul,Ford,F-450 Super Duty,45500,12100,27432.779221,84324.727273,332899,15598,77,2112324,BUDGET,High Mileage
2015-07-09T09:00:00Z,2015,Jul,BMW,1 Series,37200,6300,19255.493827,43311.656790,201489,23,405,7798475,BUDGET,High Mileage
2015-07-07T06:15:00Z,2015,Jul,Honda,Insight,15000,1300,9091.447368,58068.179825,223410,227,228,2072850,BUDGET,High Mileage
2015-06-17T02:30:00Z,2015,Jun,Subaru,Baja,13200,1000,6709.523810,131012.261905,232828,1,42,281800,BUDGET,High Mileage
2015-06-12T02:00:00Z,2015,Jun,Cadillac,CTS-V Coupe,51250,30500,38682.028571,27682.428571,69011,2317,35,1353871,BUDGET,High Mileage
2015-06-16T02:30:00Z,2015,Jun,Ford,Contour,1650,175,643.750000,112073.916667,186211,49472,12,7725,BUDGET,High Mileage
2015-06-11T05:30:00Z,2015,Jun,Oldsmobile,Cutlass Ciera,600,200,383.333333,143092.888889,268325,66527,9,3450,BUDGET,High Mileage
2015-06-11T02:30:00Z,2015,Jun,Porsche,Macan,76000,51300,60881.250000,9459.875000,14991,5744,8,487050,BUDGET,Low Mileage
2015-07-03T06:00:00Z,2015,Jul,Mitsubishi,Lancer Sportback,16400,4000,10323.076923,47750.871795,103665,2019,39,402600,BUDGET,High Mileage
2015-06-19T05:00:00Z,2015,Jun,Volkswagen,GLI,18000,3100,12206.153846,51595.169231,124436,11705,65,793400,BUDGET,High Mileage
2015-06-30T08:15:00Z,2015,Jun,Pontiac,Torrent,10500,400,4753.571429,112109.176692,263229,1,266,1264450,BUDGET,High Mileage
2015-07-07T09:00:00Z,2015,Jul,Infiniti,QX70,52500,16700,33686.986301,20590.890411,45467,1616,73,2459150,BUDGET,Medium Mileage
2015-06-18T03:30:00Z,2015,Jun,Toyota,Avalon Hybrid,31500,19500,25607.500000,23831.675000,70113,1395,40,1024300,BUDGET,High Mileage
2015-06-18T05:30:00Z,2015,Jun,Audi,S6,66000,5000,24744.000000,76987.880000,152904,6892,25,618600,BUDGET,High Mileage
2015-06-18T05:30:00Z,2015,Jun,Ferrari,California,156000,112000,131846.153846,14345.846154,29615,7529,13,1714000,MID_RANGE,Medium Mileage
2015-06-19T02:00:00Z,2015,Jun,Jaguar,F-TYPE,95250,55000,73789.743590,5158.128205,17041,81,39,2877800,BUDGET,Low Mileage
2015-01-15T02:00:00Z,2015,Jan,chrysler,pacifica,8300,375,2770.439189,129418.222973,259016,35742,148,410025,BUDGET,High Mileage
2015-06-17T05:00:00Z,2015,Jun,Suzuki,Verona,3500,400,1760.714286,98324.190476,160965,40373,21,36975,BUDGET,High Mileage
2015-01-14T01:30:00Z,2015,Jan,oldsmobile,alero,1800,275,787.500000,138746.800000,278541,49872,10,7875,BUDGET,High Mileage
2015-03-03T01:15:00Z,2015,Mar,BMW,ActiveHybrid X6,36800,22500,27680.000000,44558.800000,78358,24980,5,138400,BUDGET,High Mileage
2015-01-14T02:30:00Z,2015,Jan,dodge,journey,24400,9400,17272.727273,51348.363636,110250,13171,11,190000,BUDGET,High Mileage
2015-06-08T02:15:00Z,2015,Jun,Mercury,Villager,1600,300,1013.636364,157836.727273,208028,124532,11,11150,BUDGET,High Mileage
2015-05-28T05:00:00Z,2015,May,Plymouth,Neon,750,350,458.333333,145422.166667,229433,103110,6,2750,BUDGET,High Mileage
2015-06-18T04:00:00Z,2015,Jun,Mazda,RX-8,14800,2100,10140.000000,46365.333333,92052,5995,15,152100,BUDGET,High Mileage
2015-06-18T05:00:00Z,2015,Jun,Maserati,GranTurismo Convertible,90000,64000,76326.923077,11287.923077,38361,1922,13,992250,BUDGET,Medium Mileage
2015-06-04T02:15:00Z,2015,Jun,Ford,Mustang SVT Cobra,12500,900,6620.833333,76316.500000,154065,21260,12,79450,BUDGET,High Mileage
2015-06-04T04:40:00Z,2015,Jun,Isuzu,i-Series,7900,2800,5111.111111,102635.000000,170373,80468,9,46000,BUDGET,High Mileage
2015-01-14T04:30:00Z,2015,Jan,ford,e150,14900,400,9257.777778,120269.000000,294167,35948,45,416600,BUDGET,High Mileage
2015-06-18T05:30:00Z,2015,Jun,BMW,i8,165000,138500,154222.222222,1056.111111,2944,60,9,1388000,MID_RANGE,Low Mileage
2015-02-12T06:00:00Z,2015,Feb,Ford,Aspire,500,500,500.000000,115059.000000,129739,100379,2,1000,BUDGET,High Mileage
2015-06-11T02:00:00Z,2015,Jun,Lamborghini,Gallardo,117500,107000,112625.000000,16759.500000,19908,8824,4,450500,MID_RANGE,Low Mileage
2015-01-14T02:30:00Z,2015,Jan,toyota,corolla,12200,9000,10850.000000,31572.833333,58521,17451,6,65100,BUDGET,Medium Mileage
2015-01-14T10:20:00Z,2015,Jan,honda,accord,3800,350,1880.000000,180910.800000,272645,1,5,9400,BUDGET,High Mileage
2015-03-03T05:01:00Z,2015,Mar,Ford,Tempo,350,300,333.333333,56718.333333,94141,16685,3,1000,BUDGET,High Mileage
2015-06-02T02:25:00Z,2015,Jun,Mercury,Marauder,13800,4500,8550.000000,92439.250000,159366,38273,4,34200,BUDGET,High Mileage
2015-05-21T05:30:00Z,2015,May,Lexus,LS 600h L,33000,20250,24412.500000,80420.750000,103020,55100,4,97650,BUDGET,High Mileage
2015-01-14T04:00:00Z,2015,Jan,pontiac,grand,1700,400,825.000000,149027.833333,226677,88219,6,4950,BUDGET,High Mileage
2015-06-17T05:30:00Z,2015,Jun,Toyota,T100,2600,1600,2137.500000,200329.000000,256993,146938,4,8550,BUDGET,High Mileage
2015-01-14T04:59:00Z,2015,Jan,ford,ranger,11400,700,2744.444444,154367.259259,284274,35469,27,74100,BUDGET,High Mileage
2015-01-13T12:00:00Z,2015,Jan,toyota,previa,350,275,308.333333,264551.000000,293496,226008,3,925,BUDGET,High Mileage
2015-05-15T02:00:00Z,2015,May,Mitsubishi,3000GT,2500,500,1666.666667,179533.000000,216279,137545,3,5000,BUDGET,High Mileage
2015-02-10T10:00:00Z,2015,Feb,Isuzu,Amigo,1600,800,1200.000000,150020.000000,174211,125829,2,2400,BUDGET,High Mileage
2015-05-28T02:00:00Z,2015,May,Bentley,Flying Spur,154750,153250,154000.000000,7241.000000,12139,2343,2,308000,MID_RANGE,Low Mileage
2015-05-29T02:35:00Z,2015,May,Ford,E-250,1500,500,1000.000000,114276.500000,127919,100634,2,2000,BUDGET,High Mileage
2014-12-23T11:00:00Z,2014,Dec,bmw,7,17100,9300,13200.000000,109011.000000,120552,97470,2,26400,BUDGET,High Mileage
2014-12-18T10:00:00Z,2014,Dec,Audi,Cabriolet,800,800,800.000000,104665.000000,104665,104665,1,800,BUDGET,High Mileage
2014-12-17T15:00:00Z,2014,Dec,Oldsmobile,Regency,300,300,300.000000,130051.000000,130051,130051,1,300,BUDGET,High Mileage
2015-01-13T09:30:00Z,2015,Jan,land rover,rr,50400,44000,47200.000000,54034.000000,65928,42140,2,94400,BUDGET,High Mileage
2015-01-08T10:45:00Z,2015,Jan,dodge,avenger,6200,6200,6200.000000,84196.000000,84196,84196,1,6200,BUDGET,High Mileage
2015-01-14T04:00:00Z,2015,Jan,chevrolet,capt,18500,11000,15733.333333,8226.333333,12978,2024,3,47200,BUDGET,Low Mileage
2015-01-07T09:30:00Z,2015,Jan,chrysler,pt,600,600,600.000000,119581.000000,119581,119581,1,600,BUDGET,High Mileage
2015-01-08T12:00:00Z,2015,Jan,toyota,avalon,1400,1400,1400.000000,196101.000000,196101,196101,1,1400,BUDGET,High Mileage
2015-01-14T02:00:00Z,2015,Jan,mercedes,sprinter,18300,18300,18300.000000,191650.000000,191650,191650,1,18300,BUDGET,High Mileage
2014-12-18T10:00:00Z,2014,Dec,gmc,2500,5000,5000,5000.000000,271357.000000,271357,271357,1,5000,BUDGET,High Mileage
2014-12-18T00:00:00Z,2014,Dec,audi,a6,25000,24300,24650.000000,37890.000000,55496,20284,2,49300,BUDGET,Medium Mileage
2014-12-18T10:00:00Z,2014,Dec,mercedes,cl55,11800,7900,9850.000000,108725.500000,148136,69315,2,19700,BUDGET,High Mileage
2015-01-14T04:30:00Z,2015,Jan,gmc,1500,7400,350,2133.333333,182449.555556,308063,70491,9,19200,BUDGET,High Mileage
2015-01-07T10:30:00Z,2015,Jan,chevrolet,tahoe,13500,13500,13500.000000,128270.000000,128270,128270,1,13500,BUDGET,High Mileage
2015-01-09T12:00:00Z,2015,Jan,mercedes-b,c230wz,8800,8800,8800.000000,68511.000000,68511,68511,1,8800,BUDGET,High Mileage
2015-05-21T04:00:00Z,2015,May,Honda,Civic del Sol,450,450,450.000000,190155.000000,190155,190155,1,450,BUDGET,High Mileage
2015-01-15T02:00:00Z,2015,Jan,ford,f250,17600,2000,7200.000000,175489.789474,298257,77333,19,136800,BUDGET,High Mileage
2015-01-13T13:00:00Z,2015,Jan,mazda,mazda3,7300,2500,5000.000000,102272.300000,189733,1,10,50000,BUDGET,High Mileage
2014-12-17T10:30:00Z,2014,Dec,gmc truck,1500,1300,1300,1300.000000,188989.000000,188989,188989,1,1300,BUDGET,High Mileage
2015-01-14T01:05:00Z,2015,Jan,ford,thunderbird,900,350,539.285714,114236.714286,135063,64887,7,3775,BUDGET,High Mileage
2015-01-06T02:00:00Z,2015,Jan,hyundai,tucson,9600,9600,9600.000000,127882.000000,127882,127882,1,9600,BUDGET,High Mileage
2014-12-23T10:00:00Z,2014,Dec,chrysler,grand,1100,1100,1100.000000,79533.000000,79533,79533,1,1100,BUDGET,High Mileage
2014-12-19T09:30:00Z,2014,Dec,land rover,rrs,12000,12000,12000.000000,109679.000000,109679,109679,1,12000,BUDGET,High Mileage
2014-12-18T18:30:00Z,2014,Dec,acura,el,4600,2500,3550.000000,194931.000000,217418,172444,2,7100,BUDGET,High Mileage
2015-01-07T10:00:00Z,2015,Jan,ford,excurs,5200,2600,3825.000000,240102.750000,294696,164026,4,15300,BUDGET,High Mileage
2015-01-08T04:30:00Z,2015,Jan,ford,taurus,850,250,450.000000,147710.400000,230902,57432,10,4500,BUDGET,High Mileage
2015-01-09T09:35:00Z,2015,Jan,mazda,mpv,1800,600,950.000000,194523.500000,379439,111414,6,5700,BUDGET,High Mileage
2014-12-23T10:45:00Z,2014,Dec,GMC,Safari Cargo,2100,2000,2050.000000,116737.500000,120214,113261,2,4100,BUDGET,High Mileage
2015-01-15T02:00:00Z,2015,Jan,cadillac,dts,8100,5100,6300.000000,124833.333333,143034,88754,3,18900,BUDGET,High Mileage
2014-12-18T18:30:00Z,2014,Dec,chevrolet,optra,1000,650,825.000000,189360.000000,213883,164837,2,1650,BUDGET,High Mileage
2014-12-23T13:00:00Z,2014,Dec,ford,expedit,2900,800,1850.000000,147112.500000,161897,132328,2,3700,BUDGET,High Mileage
2014-12-30T12:00:00Z,2014,Dec,gmc truck,yukon,1600,300,950.000000,208245.500000,216642,199849,2,1900,BUDGET,High Mileage
2015-01-08T18:30:00Z,2015,Jan,buick,allure,4200,4200,4200.000000,111290.000000,111290,111290,1,4200,BUDGET,High Mileage
2015-07-10T06:00:00Z,2015,Jul,Jeep,Grand Cherokee,59500,200,16347.363850,80576.168374,318342,1,4686,76603747,BUDGET,High Mileage
2015-06-24T02:30:00Z,2015,Jun,Lexus,RX 300,10800,1200,4193.712575,162076.634731,346216,53716,334,1400700,BUDGET,High Mileage
2015-07-09T06:05:00Z,2015,Jul,Chrysler,Town and Country,36750,250,14534.526527,55047.830497,341331,1,5994,87119952,BUDGET,High Mileage
2015-07-09T08:00:00Z,2015,Jul,Ford,Fusion,49000,500,12353.226728,47472.956821,272459,1,12946,159912520,BUDGET,High Mileage
2015-07-09T06:20:00Z,2015,Jul,Kia,Forte,16800,750,10263.873091,36616.368957,999999,1,2751,28225651,BUDGET,High Mileage
2015-07-08T07:00:00Z,2015,Jul,Honda,Civic,26300,200,8678.559263,75336.527109,428472,1,7433,64507731,BUDGET,High Mileage
2015-07-07T12:00:00Z,2015,Jul,Ford,Transit Connect,33300,500,11208.571429,81660.520000,273565,1,700,7846000,BUDGET,High Mileage
2015-07-09T07:00:00Z,2015,Jul,Jeep,Wrangler,49000,2000,21902.575586,51879.924010,233173,1,3711,81280458,BUDGET,High Mileage
2015-07-09T09:00:00Z,2015,Jul,Nissan,Frontier,30000,500,13868.680369,77579.156627,291639,1,1411,19568708,BUDGET,High Mileage
2015-07-09T06:20:00Z,2015,Jul,Toyota,Tacoma,38200,1400,20938.707018,51724.584211,326372,1,1140,23870126,BUDGET,High Mileage
2015-07-09T09:00:00Z,2015,Jul,Toyota,4Runner,44750,300,15516.614638,115665.296490,367750,1,1339,20776747,BUDGET,High Mileage
2015-07-06T17:15:00Z,2015,Jul,Kia,Rio,15000,300,8366.242915,41950.305199,298651,1,1482,12398772,BUDGET,High Mileage
2015-07-09T09:00:00Z,2015,Jul,Dodge,Challenger,39600,1200,20875.251672,35053.864548,152636,1,1196,24966801,BUDGET,High Mileage
2015-07-08T07:00:00Z,2015,Jul,Ford,C-Max Energi,21900,2000,12238.461538,56568.273504,113910,3640,234,2863800,BUDGET,High Mileage
2015-07-08T07:00:00Z,2015,Jul,Mazda,Mazda3,24000,400,9228.662129,57248.832751,255908,1,2865,26440117,BUDGET,High Mileage
2015-06-30T09:00:00Z,2015,Jun,Porsche,911,157000,4900,69089.737991,23870.537118,114491,62,229,15821550,MID_RANGE,High Mileage
2015-07-09T07:30:00Z,2015,Jul,Subaru,Outback,36500,400,16030.287234,63804.441135,324030,1,1410,22602705,BUDGET,High Mileage
2015-07-09T07:30:00Z,2015,Jul,BMW,X3,53000,1300,17416.060000,72579.990400,237048,1,1250,21770075,BUDGET,High Mileage
2015-06-18T05:30:00Z,2015,Jun,Lexus,ES 300h,38000,21900,29472.916667,25726.027778,83614,1754,72,2122050,BUDGET,High Mileage
2015-07-07T06:30:00Z,2015,Jul,Porsche,Cayenne,117500,1250,28886.298932,70272.375445,212802,1,562,16234100,MID_RANGE,High Mileage
2015-06-30T09:00:00Z,2015,Jun,Lexus,CT 200h,33600,11600,19866.019417,29819.512136,137047,1661,412,8184800,BUDGET,High Mileage
2015-06-29T06:15:00Z,2015,Jun,Chevrolet,Uplander,10000,350,2939.692982,125506.055556,329320,1,342,1005375,BUDGET,High Mileage
2015-07-07T06:15:00Z,2015,Jul,Chrysler,Sebring,14600,100,3112.576095,109916.043059,999999,1,1347,4192640,BUDGET,High Mileage
2015-07-08T08:45:00Z,2015,Jul,Dodge,Caliber,13100,350,4876.872659,96351.444944,326716,1,1335,6510625,BUDGET,High Mileage
2015-07-09T06:30:00Z,2015,Jul,HUMMER,H3,23400,3600,11569.202797,105253.617716,248851,32136,429,4963188,BUDGET,High Mileage
2015-07-02T13:20:00Z,2015,Jul,Cadillac,DTS,20000,600,7241.493124,97657.518664,277198,1,509,3685920,BUDGET,High Mileage
2015-06-19T02:00:00Z,2015,Jun,Chevrolet,S-10,10100,200,2566.515837,143315.085973,309982,1,221,567200,BUDGET,High Mileage
2015-01-15T02:00:00Z,2015,Jan,chevrolet,hhr,7200,700,3599.728261,113760.891304,183708,45304,92,331175,BUDGET,High Mileage
2015-06-19T02:00:00Z,2015,Jun,Lexus,GX 460,57250,21900,37226.809339,44841.295720,173266,2577,257,9567290,BUDGET,High Mileage
2015-07-09T07:00:00Z,2015,Jul,Kia,K900,42750,33000,38557.377049,10834.311475,20040,2349,61,2352000,BUDGET,Medium Mileage
2015-07-02T09:00:00Z,2015,Jul,Bentley,Continental GT,131500,22700,67310.465116,47010.348837,93803,6366,43,2894350,MID_RANGE,High Mileage
2015-07-06T07:00:00Z,2015,Jul,Dodge,Stratus,5300,200,1367.439863,123464.831615,237291,1,291,397925,BUDGET,High Mileage
2015-07-08T09:15:00Z,2015,Jul,Maserati,Spyder,17800,15750,16850.000000,31027.000000,34458,28794,3,50550,BUDGET,Medium Mileage
2015-07-08T08:00:00Z,2015,Jul,Lincoln,MKT,38400,9400,23567.857143,42614.863636,145794,1009,154,3629450,BUDGET,High Mileage
2015-06-16T02:30:00Z,2015,Jun,Cadillac,Eldorado,11750,300,1875.909091,98156.200000,199746,1,55,103175,BUDGET,High Mileage
2015-06-30T06:30:00Z,2015,Jun,Kia,Borrego,14000,4000,8722.222222,89718.123457,236052,38194,81,706500,BUDGET,High Mileage
2015-06-04T06:00:00Z,2015,Jun,Nissan,Truck,2500,500,1212.500000,149065.937500,271994,1,16,19400,BUDGET,High Mileage
2015-06-18T05:30:00Z,2015,Jun,Rolls-Royce,Ghost,171500,140000,153488.235294,13824.117647,23699,5215,17,2609300,MID_RANGE,Medium Mileage
2015-06-18T03:30:00Z,2015,Jun,Ford,Transit Wagon,33500,23500,28564.705882,11450.470588,22252,1329,17,485600,BUDGET,Medium Mileage
2015-07-07T06:20:00Z,2015,Jul,Jeep,Cherokee,36000,250,18357.508251,42411.351485,352918,1,606,11124650,BUDGET,High Mileage
2015-07-07T06:30:00Z,2015,Jul,GMC,Sierra 1500,46750,400,19572.342477,75451.228130,429577,1,2333,45662275,BUDGET,High Mileage
2015-07-09T06:30:00Z,2015,Jul,Chevrolet,Impala,30600,100,8020.002524,81711.233148,999999,1,7923,63542480,BUDGET,High Mileage
2015-07-07T09:30:00Z,2015,Jul,Audi,A8,69000,900,27043.624161,71508.778523,206785,3613,298,8059000,BUDGET,High Mileage
2015-07-10T06:00:00Z,2015,Jul,Buick,Enclave,41000,4800,18876.495327,70654.055140,203691,8,1070,20197850,BUDGET,High Mileage
2015-06-18T05:30:00Z,2015,Jun,BMW,X5 M,61250,20000,45804.054054,42581.054054,93332,13449,37,1694750,BUDGET,High Mileage
2015-07-09T09:00:00Z,2015,Jul,Ford,Shelby GT500,59400,23500,44949.000000,15955.440000,77863,578,100,4494900,BUDGET,High Mileage
2015-07-09T09:00:00Z,2015,Jul,Volvo,XC90,34700,600,9235.592643,102818.989086,337035,1,734,6778925,BUDGET,High Mileage
2015-06-19T02:00:00Z,2015,Jun,Jaguar,XK-Series,35000,1700,14415.882353,70365.541176,139306,19456,85,1225350,BUDGET,High Mileage
2015-06-19T02:00:00Z,2015,Jun,Audi,S4,45900,1800,22959.644670,61014.187817,165494,2225,197,4523050,BUDGET,High Mileage
2015-06-19T02:00:00Z,2015,Jun,Audi,allroad quattro,10000,500,3195.714286,120044.142857,221314,46131,35,111850,BUDGET,High Mileage
2015-07-01T07:20:00Z,2015,Jul,Chrysler,Crossfire,14200,2000,5433.898305,83294.864407,161338,1,59,320600,BUDGET,High Mileage
2015-06-17T04:45:00Z,2015,Jun,GMC,Sierra 1500 Classic,20500,2400,10750.000000,115211.234043,385140,31285,47,505250,BUDGET,High Mileage
2015-06-17T05:30:00Z,2015,Jun,Infiniti,I35,6700,500,2742.187500,137466.760417,249573,50517,96,263250,BUDGET,High Mileage
2015-05-28T09:50:00Z,2015,May,Isuzu,Ascender,5900,300,2750.000000,125267.342105,240327,41614,38,104500,BUDGET,High Mileage
2015-06-17T02:30:00Z,2015,Jun,Saturn,Sky,15000,3200,8455.000000,67065.680000,116438,16452,50,422750,BUDGET,High Mileage
2015-06-16T02:30:00Z,2015,Jun,Ford,F-150 Heritage,6700,600,2742.222222,158536.355556,370814,47627,45,123400,BUDGET,High Mileage
2015-06-18T05:30:00Z,2015,Jun,Fisker,Karma,54500,37000,46461.111111,18165.666667,65850,1806,9,418150,BUDGET,High Mileage
2015-07-02T09:00:00Z,2015,Jul,Audi,R8,120000,56000,89725.000000,21626.052632,57280,529,38,3409550,MID_RANGE,Medium Mileage
2015-06-19T05:00:00Z,2015,Jun,Dodge,Viper,51700,28700,38872.727273,30700.454545,78795,7433,11,427600,BUDGET,High Mileage
2015-07-08T06:30:00Z,2015,Jul,Saturn,Outlook,15050,2600,7619.270833,108452.277778,204004,44306,288,2194350,BUDGET,High Mileage
2015-06-19T05:00:00Z,2015,Jun,Nissan,370Z,34800,1100,21566.585366,30115.478049,104563,1,205,4421150,BUDGET,High Mileage
2015-06-18T05:30:00Z,2015,Jun,Infiniti,Q60 Convertible,42200,31000,36577.380952,14037.880952,29194,2462,42,1536250,BUDGET,Medium Mileage
2015-06-19T02:00:00Z,2015,Jun,Audi,allroad,38400,24200,32436.956522,21644.478261,60972,2932,46,1492100,BUDGET,High Mileage
2015-06-18T03:00:00Z,2015,Jun,Nissan,Murano CrossCabriolet,33600,10750,26663.095238,15889.452381,57007,3,42,1119850,BUDGET,Medium Mileage
2015-06-17T07:00:00Z,2015,Jun,Toyota,Prius Plug-in,23900,11700,16821.111111,36429.400000,97317,4489,45,756950,BUDGET,High Mileage
2015-06-16T12:05:00Z,2015,Jun,Land Rover,Discovery Series II,5600,300,1633.333333,140036.000000,203413,76648,27,44100,BUDGET,High Mileage
2015-01-14T04:30:00Z,2015,Jan,ford,e350,16300,500,10275.581395,103892.000000,291305,13837,43,441850,BUDGET,High Mileage
2015-01-14T04:30:00Z,2015,Jan,cadillac,sts,7800,1300,4781.034483,106115.206897,174112,62239,29,138650,BUDGET,High Mileage
2015-01-15T02:00:00Z,2015,Jan,lexus,gx,18750,6300,11871.938776,143911.326531,325453,52756,98,1163450,BUDGET,High Mileage
2015-05-07T11:00:00Z,2015,May,Land Rover,Discovery,4000,300,1225.000000,118425.636364,173120,1,11,13475,BUDGET,High Mileage
2015-03-05T01:30:00Z,2015,Mar,Mercury,Milan Hybrid,11600,7300,9866.666667,83371.666667,111595,63302,6,59200,BUDGET,High Mileage
2015-06-16T02:30:00Z,2015,Jun,GMC,Savana,37000,15000,20790.909091,42915.636364,75404,18229,11,228700,BUDGET,High Mileage
2015-06-08T02:00:00Z,2015,Jun,Mazda,Truck,4400,1000,2343.750000,142973.375000,225704,77160,8,18750,BUDGET,High Mileage
2015-06-11T03:05:00Z,2015,Jun,Oldsmobile,Aurora,4400,225,1099.390244,128897.829268,245946,1,41,45075,BUDGET,High Mileage
2015-06-19T04:55:00Z,2015,Jun,Tesla,Model S,85750,49250,67054.347826,17307.913043,49196,744,23,1542250,BUDGET,Medium Mileage
2015-05-27T06:00:00Z,2015,May,Oldsmobile,Eighty-Eight Royale,800,250,433.333333,164068.666667,199035,130473,3,1300,BUDGET,High Mileage
2015-01-14T04:30:00Z,2015,Jan,chevrolet,astro,4900,300,1630.769231,144909.615385,250955,64436,13,21200,BUDGET,High Mileage
2015-01-14T04:30:00Z,2015,Jan,jeep,gr,2300,275,1235.526316,177421.000000,259717,91200,19,23475,BUDGET,High Mileage
2015-06-18T05:30:00Z,2015,Jun,Lexus,RC F,66500,59800,64360.000000,3503.600000,7218,382,5,321800,BUDGET,Low Mileage
2015-06-08T02:00:00Z,2015,Jun,Honda,Prelude,4100,1000,2128.571429,162239.428571,223207,89590,14,29800,BUDGET,High Mileage
2015-06-17T05:15:00Z,2015,Jun,Lexus,LX 450,8100,2700,4180.000000,197959.600000,293322,149588,5,20900,BUDGET,High Mileage
2015-06-18T05:00:00Z,2015,Jun,Mercedes-Benz,B-Class Electric Drive,34000,23750,28150.000000,2616.600000,5666,584,5,140750,BUDGET,Low Mileage
2015-05-28T09:00:00Z,2015,May,Acura,mdx,27500,18600,23000.000000,74919.250000,108661,51088,4,92000,BUDGET,High Mileage
2015-06-18T05:00:00Z,2015,Jun,Mercedes-Benz,GLA-Class,32000,32000,32000.000000,3408.000000,3655,3161,2,64000,BUDGET,Low Mileage
2015-01-14T02:30:00Z,2015,Jan,chevrolet,uplander,4500,1100,2740.909091,129483.363636,255831,79548,11,30150,BUDGET,High Mileage
2015-06-03T02:30:00Z,2015,Jun,Nissan,NV Passenger,29000,13500,20966.666667,62539.000000,115130,12834,3,62900,BUDGET,High Mileage
2015-06-17T04:55:00Z,2015,Jun,Ferrari,F430,117500,95500,109750.000000,18559.000000,39651,10347,4,439000,MID_RANGE,Medium Mileage
2015-01-14T02:00:00Z,2015,Jan,mercedes,s55,13700,5400,10240.000000,98330.800000,144745,80401,5,51200,BUDGET,High Mileage
2015-02-17T10:00:00Z,2015,Feb,Mazda,B-Series,2600,2600,2600.000000,153417.000000,153417,153417,1,2600,BUDGET,High Mileage
2014-12-18T18:30:00Z,2014,Dec,dodge,sprinter,4250,4100,4175.000000,243688.500000,247430,239947,2,8350,BUDGET,High Mileage
2014-12-23T11:30:00Z,2014,Dec,kia,optima,2600,2600,2600.000000,88087.000000,88087,88087,1,2600,BUDGET,High Mileage
2015-01-07T12:15:00Z,2015,Jan,landrover,rangerover,19500,5200,13325.000000,104530.166667,140194,63717,6,79950,BUDGET,High Mileage
2015-01-08T18:30:00Z,2015,Jan,honda,civic,4000,750,2300.000000,138091.285714,188230,92856,7,16100,BUDGET,High Mileage
2015-01-13T10:00:00Z,2015,Jan,vw,routan,25000,17600,20916.666667,15490.750000,25053,6842,12,251000,BUDGET,Medium Mileage
2014-12-18T18:30:00Z,2014,Dec,hyundai tk,santa,2100,2100,2100.000000,131532.000000,131532,131532,1,2100,BUDGET,High Mileage
2015-01-08T10:00:00Z,2015,Jan,mitsubishi,lancer,4900,1300,2875.000000,58101.750000,132344,1,4,11500,BUDGET,High Mileage
2015-01-12T00:31:00Z,2015,Jan,ford,expedition,2900,400,906.060606,186230.969697,350096,1,33,29900,BUDGET,High Mileage
2015-01-06T03:00:00Z,2015,Jan,gmc,savana,5600,5000,5300.000000,179611.500000,179871,179352,2,10600,BUDGET,High Mileage
2015-01-13T12:30:00Z,2015,Jan,Cadillac,CTS-V Wagon,50500,50500,50500.000000,20499.000000,20499,20499,1,50500,BUDGET,Medium Mileage
2015-01-06T04:00:00Z,2015,Jan,chrysler,concorde,2250,600,1425.000000,123041.500000,181341,64742,2,2850,BUDGET,High Mileage
2014-12-18T09:20:00Z,2014,Dec,ford tk,ranger,2800,2800,2800.000000,108474.000000,108474,108474,1,2800,BUDGET,High Mileage
2015-01-06T18:00:00Z,2015,Jan,ford,f350,5700,4700,5200.000000,273757.000000,299400,248114,2,10400,BUDGET,High Mileage
2015-01-07T12:30:00Z,2015,Jan,gmc truck,siera,11600,11600,11600.000000,186488.000000,186488,186488,1,11600,BUDGET,High Mileage
2015-01-13T12:00:00Z,2015,Jan,land rover,discovery,8000,625,2675.000000,104446.052632,164597,68730,19,50825,BUDGET,High Mileage
2014-12-18T09:05:00Z,2014,Dec,jeep,grand,2000,550,1275.000000,193410.500000,214674,172147,2,2550,BUDGET,High Mileage
2014-12-30T09:30:00Z,2014,Dec,oldsmobile,intrigue,500,425,462.500000,126684.000000,253367,1,2,925,BUDGET,High Mileage
2015-01-08T09:30:00Z,2015,Jan,chrysler,200,12000,12000,12000.000000,55895.000000,55895,55895,1,12000,BUDGET,Medium Mileage
2015-06-24T02:30:00Z,2015,Jun,Volvo,S60,28400,300,13766.587164,59197.267997,355696,1,1153,15872875,BUDGET,High Mileage
2015-07-03T08:55:00Z,2015,Jul,Audi,A4,44000,200,12467.425918,75367.464396,277574,1,2261,28188850,BUDGET,High Mileage
2015-07-10T06:00:00Z,2015,Jul,BMW,X5,79500,600,22717.871649,74689.659894,999999,1,2462,55931400,BUDGET,High Mileage
2015-07-08T17:15:00Z,2015,Jul,Hyundai,Santa Fe,36600,275,9783.809726,88255.704559,309041,1,1645,16094367,BUDGET,High Mileage
2015-06-19T02:00:00Z,2015,Jun,Hyundai,Azera,30500,1200,12737.579618,64143.773885,200871,5,314,3999600,BUDGET,High Mileage
2015-07-02T09:00:00Z,2015,Jul,BMW,X6,69000,21000,38960.076046,41504.577947,121484,240,263,10246500,BUDGET,High Mileage
2015-07-09T06:30:00Z,2015,Jul,Lexus,ES 350,37300,4200,19757.014576,48892.840187,235636,1,1921,37953225,BUDGET,High Mileage
2015-07-09T07:30:00Z,2015,Jul,MINI,Cooper,30250,1100,10315.018108,54917.586691,237485,1,2209,22785875,BUDGET,High Mileage
2015-06-19T02:00:00Z,2015,Jun,Infiniti,JX,38600,19000,30175.313665,36723.034161,82704,6457,322,9716451,BUDGET,High Mileage
2015-06-19T02:25:00Z,2015,Jun,Scion,FR-S,24100,9300,18011.144578,21328.945783,63494,3002,166,2989850,BUDGET,High Mileage
2015-06-19T02:00:00Z,2015,Jun,Volkswagen,Jetta SportWagen,25600,3400,13830.288462,49728.000000,155232,827,208,2876700,BUDGET,High Mileage
2015-06-24T05:30:00Z,2015,Jun,Acura,TSX,28000,1800,14255.004468,60306.842717,343369,3116,1119,15951350,BUDGET,High Mileage
2015-07-08T07:30:00Z,2015,Jul,Land Rover,LR4,64500,20000,39025.142857,39628.400000,108695,2059,175,6829400,BUDGET,High Mileage
2015-07-07T14:00:00Z,2015,Jul,Toyota,Yaris,22000,400,7504.722449,63523.042449,350362,1,1225,9193285,BUDGET,High Mileage
2015-07-07T06:30:00Z,2015,Jul,Toyota,Prius,22750,400,10121.253261,80817.038608,537334,1,1840,18623106,BUDGET,High Mileage
2015-07-07T10:00:00Z,2015,Jul,Acura,RDX,35500,4000,19012.619048,61084.054762,309422,6,420,7985300,BUDGET,High Mileage
2015-07-09T07:00:00Z,2015,Jul,Ford,Focus,38750,200,9318.359246,49348.944573,999999,1,10394,96855026,BUDGET,High Mileage
2015-07-09T07:00:00Z,2015,Jul,Chrysler,300,39100,400,12871.643772,72522.915450,999999,1,3903,50225154,BUDGET,High Mileage
2015-07-07T06:30:00Z,2015,Jul,Chevrolet,Volt,28000,4000,12918.873518,51810.256917,139658,793,506,6536950,BUDGET,High Mileage
2015-07-08T07:20:00Z,2015,Jul,Jaguar,XJ,86500,12500,40403.760563,35321.408451,108675,3475,213,8606001,BUDGET,High Mileage
2015-07-02T09:30:00Z,2015,Jul,Lexus,IS 350,39250,4600,19518.974359,72583.610256,195703,1332,195,3806200,BUDGET,High Mileage
2015-07-03T06:30:00Z,2015,Jul,Chevrolet,HHR,12000,400,5057.898352,93365.616865,290462,20074,1092,5523225,BUDGET,High Mileage
2015-06-19T04:55:00Z,2015,Jun,Honda,Accord Crosstour,20000,9300,14501.650943,62281.669811,135324,16508,106,1537175,BUDGET,High Mileage
2015-06-23T03:15:00Z,2015,Jun,Ford,Escape Hybrid,20250,600,9134.253731,103282.731343,348958,1,134,1223990,BUDGET,High Mileage
2015-06-18T03:45:00Z,2015,Jun,Chevrolet,malibu,10600,2100,7131.958763,76681.804124,209306,10846,97,691800,BUDGET,High Mileage
2015-07-07T06:30:00Z,2015,Jul,Volkswagen,Golf,21400,200,9318.965517,64643.056426,261679,629,319,2972750,BUDGET,High Mileage
2015-07-08T09:30:00Z,2015,Jul,Land Rover,LR2,33200,2700,14005.474453,71847.021898,204701,8499,137,1918750,BUDGET,High Mileage
2015-06-19T02:00:00Z,2015,Jun,Cadillac,Escalade Hybrid,43000,15000,26261.250000,79411.925000,170960,16257,40,1050450,BUDGET,High Mileage
2015-06-30T02:30:00Z,2015,Jun,Chevrolet,Cobalt,12400,225,3445.871143,105369.424939,999999,1,1653,5696025,BUDGET,High Mileage
2015-06-18T03:00:00Z,2015,Jun,Nissan,350Z,23700,3500,9325.742574,82110.891089,146730,5135,101,941900,BUDGET,High Mileage
2015-06-30T06:15:00Z,2015,Jun,Toyota,Matrix,26000,250,5446.776504,117287.719198,299999,1,349,1900925,BUDGET,High Mileage
2015-06-17T05:50:00Z,2015,Jun,Volkswagen,Rabbit,8750,1500,4523.684211,100078.589474,169942,21325,95,429750,BUDGET,High Mileage
2015-06-18T05:30:00Z,2015,Jun,Lexus,IS F,44200,21800,32545.161290,57675.032258,136629,3790,31,1008900,BUDGET,High Mileage
2015-01-14T06:30:00Z,2015,Jan,land rover,range,71600,3800,14842.857143,101195.362319,215097,18620,70,1039000,BUDGET,High Mileage
2015-06-16T06:00:00Z,2015,Jun,Saturn,Relay,5400,500,2266.666667,127627.583333,253377,1,60,136000,BUDGET,High Mileage
2015-06-19T02:30:00Z,2015,Jun,Lincoln,Aviator,9000,200,3479.666667,132706.366667,225918,43441,150,521950,BUDGET,High Mileage
2015-06-17T03:30:00Z,2015,Jun,Jaguar,X-Type,8500,275,2681.710526,107290.468421,277677,1,190,509525,BUDGET,High Mileage
2015-06-18T05:30:00Z,2015,Jun,Oldsmobile,Alero,3700,225,959.423077,137739.692308,246897,1,130,124725,BUDGET,High Mileage
2015-06-19T02:00:00Z,2015,Jun,Volvo,V70,11200,200,1981.515152,148697.236364,278142,1,165,326950,BUDGET,High Mileage
2015-01-14T05:20:00Z,2015,Jan,ford,f150,29200,325,8222.177419,132100.475410,396793,1,62,509775,BUDGET,High Mileage
2015-06-19T02:00:00Z,2015,Jun,Hyundai,Elantra GT,30900,1000,12948.780488,20068.382114,60945,1,246,3185400,BUDGET,High Mileage
2015-06-17T04:25:00Z,2015,Jun,Volkswagen,R32,14700,5500,10556.666667,111175.933333,180141,84469,15,158350,BUDGET,High Mileage
2015-06-18T05:30:00Z,2015,Jun,Infiniti,QX60,44600,25000,34656.016393,19490.595628,48226,732,183,6342051,BUDGET,Medium Mileage
2015-06-17T04:45:00Z,2015,Jun,Ram,Dakota,21600,6000,11989.189189,71860.189189,119571,29135,37,443600,BUDGET,High Mileage
2015-06-05T02:00:00Z,2015,Jun,Mazda,Mazdaspeed3,21500,5000,14835.000000,42748.975000,103274,5594,40,593400,BUDGET,High Mileage
2015-06-17T06:30:00Z,2015,Jun,Suzuki,Reno,3400,300,1687.209302,100341.697674,155219,47525,43,72550,BUDGET,High Mileage
2015-06-16T05:50:00Z,2015,Jun,Buick,Terraza,7500,500,3268.181818,120044.163636,250137,62304,55,179750,BUDGET,High Mileage
2015-06-19T02:00:00Z,2015,Jun,Infiniti,Q70,42800,25500,32464.062500,26544.906250,41226,5397,32,1038850,BUDGET,Medium Mileage
2015-06-19T02:30:00Z,2015,Jun,Acura,Integra,5500,250,1127.272727,180317.704545,434901,102149,44,49600,BUDGET,High Mileage
2015-06-17T05:30:00Z,2015,Jun,Honda,Passport,3800,300,1273.275862,151326.896552,230340,43891,29,36925,BUDGET,High Mileage
2015-06-19T05:00:00Z,2015,Jun,Acura,RLX,35200,20250,30644.117647,16674.823529,38014,4736,17,520950,BUDGET,Medium Mileage
2015-06-09T06:01:00Z,2015,Jun,Volvo,850,900,200,448.750000,138721.450000,234383,22117,20,8975,BUDGET,High Mileage
2015-07-09T09:00:00Z,2015,Jul,Toyota,Sienna,39750,650,13756.010619,83415.668201,443236,1,2825,38860730,BUDGET,High Mileage
2015-07-09T07:00:00Z,2015,Jul,Nissan,Murano,32250,400,13095.548554,74812.840165,336033,1,2904,38029473,BUDGET,High Mileage
2015-07-09T08:30:00Z,2015,Jul,,,86000,100,8965.744394,110718.787025,999999,1,10301,92356133,BUDGET,High Mileage
2015-07-07T09:30:00Z,2015,Jul,Toyota,Highlander Hybrid,36800,3000,13204.044118,108823.936275,263772,12391,204,2693625,BUDGET,High Mileage
2015-07-21T02:30:00Z,2015,Jul,Chevrolet,Tahoe,61000,200,18308.457337,106018.440349,999999,1,3094,56646367,BUDGET,High Mileage
2015-07-07T06:15:00Z,2015,Jul,Mazda,CX-7,18100,2200,9418.619792,73448.067708,999999,12777,384,3616750,BUDGET,High Mileage
2015-06-19T02:30:00Z,2015,Jun,Nissan,Altima Hybrid,15500,2000,7101.204819,101404.915663,265254,1,83,589400,BUDGET,High Mileage
2015-06-19T02:30:00Z,2015,Jun,Pontiac,Solstice,13900,900,6835.937500,69444.510417,154370,9006,96,656250,BUDGET,High Mileage
2015-07-02T07:00:00Z,2015,Jul,Saturn,Aura,9500,300,4566.720430,99702.473118,223110,1,465,2123525,BUDGET,High Mileage
2015-06-16T02:30:00Z,2015,Jun,Subaru,B9 Tribeca,15400,1600,6559.770115,120534.241379,228092,1,87,570700,BUDGET,High Mileage
2015-06-02T04:30:00Z,2015,Jun,Infiniti,FX45,17300,2000,8171.428571,137004.914286,296322,65022,35,286000,BUDGET,High Mileage
2015-01-14T06:30:00Z,2015,Jan,honda,pilot,12300,1100,5277.439024,148437.951220,227167,67972,82,432750,BUDGET,High Mileage
2015-01-14T09:30:00Z,2015,Jan,chevrolet,corvette,38500,3100,16166.935484,63961.016129,145979,8767,62,1002350,BUDGET,High Mileage
2015-06-19T02:00:00Z,2015,Jun,Toyota,Camry Solara,17400,400,4763.043478,128711.315217,347824,25869,368,1752800,BUDGET,High Mileage
2015-06-30T07:30:00Z,2015,Jun,Dodge,Sprinter Cargo,19300,1200,8431.932773,192949.279661,445317,1,119,1003400,BUDGET,High Mileage
2015-01-14T02:00:00Z,2015,Jan,dodge,stratus,2450,250,891.964286,123013.714286,178903,1,28,24975,BUDGET,High Mileage
2015-06-24T02:30:00Z,2015,Jun,Buick,Century,6100,200,1506.277533,105384.668142,388607,1,227,341925,BUDGET,High Mileage
2015-06-16T06:00:00Z,2015,Jun,Lexus,IS 300,9400,1300,4170.535714,164094.803571,346482,67249,112,467100,BUDGET,High Mileage
2015-06-17T05:30:00Z,2015,Jun,Chevrolet,Prizm,3700,350,1182.258065,140552.322581,243801,24460,31,36650,BUDGET,High Mileage
2015-06-17T05:50:00Z,2015,Jun,Hyundai,Entourage,10500,1150,4225.714286,109119.200000,199746,53965,70,295800,BUDGET,High Mileage
2015-05-28T05:00:00Z,2015,May,Chevrolet,Tahoe Limited/Z71,2000,650,1138.636364,159354.090909,185526,107451,11,12525,BUDGET,High Mileage
2015-06-09T03:30:00Z,2015,Jun,Chevrolet,C/K 1500 Series,11500,350,1968.518519,188588.259259,318217,34266,27,53150,BUDGET,High Mileage
2015-06-19T02:00:00Z,2015,Jun,Infiniti,QX80,75000,40500,54969.387755,20329.816327,51939,147,98,5387000,BUDGET,Medium Mileage
2015-06-10T02:30:00Z,2015,Jun,Saturn,VUE Hybrid,9500,4500,6376.923077,92224.846154,121514,58918,13,82900,BUDGET,High Mileage
2015-05-22T02:00:00Z,2015,May,Mazda,Mazdaspeed Mazda6,10600,1500,6075.000000,96266.500000,124475,52595,14,85050,BUDGET,High Mileage
2015-06-19T02:00:00Z,2015,Jun,Hyundai,XG350,5200,200,1858.544304,119024.544304,237397,31770,79,146825,BUDGET,High Mileage
2015-06-17T05:30:00Z,2015,Jun,Lexus,LX 470,12700,4900,8662.931034,185189.637931,439031,71559,58,502450,BUDGET,High Mileage
2015-05-21T02:30:00Z,2015,May,Pontiac,Aztek,4000,300,1028.846154,155233.000000,215328,1,13,13375,BUDGET,High Mileage
2015-06-12T05:00:00Z,2015,Jun,Chevrolet,SS,38250,31250,35350.000000,6311.923077,15428,421,13,459550,BUDGET,Low Mileage
2015-06-24T03:15:00Z,2015,Jun,Chevrolet,Malibu Hybrid,9000,1700,5295.833333,88630.916667,159747,1,24,127100,BUDGET,High Mileage
2015-05-21T05:00:00Z,2015,May,Lincoln,Mark VIII,2600,450,1100.000000,133831.555556,310569,64174,9,9900,BUDGET,High Mileage
2015-05-29T02:25:00Z,2015,May,Suzuki,Vitara,2600,550,1395.833333,150642.166667,187966,85388,6,8375,BUDGET,High Mileage
2015-06-17T02:40:00Z,2015,Jun,BMW,ActiveHybrid 7,81500,29000,41346.153846,34664.615385,60234,2664,13,537500,BUDGET,High Mileage
2015-06-19T02:00:00Z,2015,Jun,Toyota,Venza,29600,4500,16826.129758,56599.441176,197251,2847,578,9725503,BUDGET,High Mileage
2015-06-19T02:20:00Z,2015,Jun,Volkswagen,Touareg,42800,800,13752.514793,82332.775148,234406,1,338,4648350,BUDGET,High Mileage
2015-06-19T04:00:00Z,2015,Jun,Mercury,Grand Marquis,14000,100,3148.041045,112094.662313,321606,1,536,1687350,BUDGET,High Mileage
2015-06-18T02:15:00Z,2015,Jun,Lexus,SC 430,22100,4600,11642.168675,104412.373494,227185,31220,83,966300,BUDGET,High Mileage
2015-03-03T05:00:00Z,2015,Mar,Mazda,Mazdaspeed Protege,4400,300,2340.000000,114939.400000,161930,53913,5,11700,BUDGET,High Mileage
2015-07-07T17:15:00Z,2015,Jul,GMC,Savana Cargo,33500,800,19636.555891,20174.779456,362415,1,662,12999400,BUDGET,High Mileage
2015-06-18T05:30:00Z,2015,Jun,Audi,RS 7,107000,98000,102225.000000,7691.500000,12908,1998,8,817800,MID_RANGE,Low Mileage
2015-07-09T07:35:00Z,2015,Jul,Saab,05-Sept,17750,225,3413.059701,112722.238806,247366,1,67,228675,BUDGET,High Mileage
2015-06-18T06:00:00Z,2015,Jun,Oldsmobile,Bravada,3300,275,1239.062500,154502.854167,242272,57827,48,59475,BUDGET,High Mileage
2015-06-30T09:30:00Z,2015,Jun,Pontiac,GTO,19250,3500,9593.103448,84232.913793,156403,7032,58,556400,BUDGET,High Mileage
2015-06-18T09:20:00Z,2015,Jun,Isuzu,Rodeo,6700,1,1228.475248,144387.772277,262788,1,101,124076,BUDGET,High Mileage
2015-01-14T04:30:00Z,2015,Jan,honda,odyssey,2450,300,1160.416667,174836.416667,252253,114447,36,41775,BUDGET,High Mileage
2015-06-17T03:00:00Z,2015,Jun,GMC,Sierra 2500HD Classic,36250,8900,18667.500000,138639.850000,201558,40537,20,373350,BUDGET,High Mileage
2015-06-17T17:00:00Z,2015,Jun,Lexus,GS 450h,45500,7000,19547.727273,75031.212121,154514,7822,33,645075,BUDGET,High Mileage
2015-06-18T09:50:00Z,2015,Jun,Isuzu,Axiom,3100,600,1776.315789,141027.684211,226620,91111,19,33750,BUDGET,High Mileage
2015-06-18T03:00:00Z,2015,Jun,Lincoln,MKC,37000,28100,32957.500000,7831.500000,18310,70,20,659150,BUDGET,Low Mileage
2015-06-18T05:30:00Z,2015,Jun,Audi,SQ5,53500,45000,48114.285714,11970.857143,25990,3209,7,336800,BUDGET,Medium Mileage
2015-01-15T02:00:00Z,2015,Jan,ford,e250,15400,600,5355.555556,106240.333333,258685,10301,9,48200,BUDGET,High Mileage
2015-01-14T05:30:00Z,2015,Jan,oldsmobile,silhouette,1000,500,766.666667,124022.333333,139482,113046,3,2300,BUDGET,High Mileage
2015-06-30T06:15:00Z,2015,Jun,Mazda,B-Series Truck,12500,3500,8466.666667,73897.666667,106878,38364,6,50800,BUDGET,High Mileage
2015-03-05T01:30:00Z,2015,Mar,Mazda,Mazdaspeed MX-5 Miata,5200,3300,4033.333333,106279.000000,131945,92424,3,12100,BUDGET,High Mileage
2015-06-03T03:20:00Z,2015,Jun,Ford,F-150 SVT Lightning,10200,2250,7083.333333,67591.333333,87778,40370,3,21250,BUDGET,High Mileage
2015-02-18T04:30:00Z,2015,Feb,BMW,ActiveHybrid 5,28000,27250,27625.000000,32770.000000,34246,31294,2,55250,BUDGET,Medium Mileage
2015-01-14T06:20:00Z,2015,Jan,mercury,grand,8100,1500,4462.500000,86523.083333,200471,21255,12,53550,BUDGET,High Mileage
2015-06-02T02:30:00Z,2015,Jun,Ford,E-350,3800,1200,2200.000000,137203.000000,241805,52971,3,6600,BUDGET,High Mileage
2015-01-14T03:30:00Z,2015,Jan,dodge,ram,12300,400,3629.166667,151454.250000,197694,75332,12,43550,BUDGET,High Mileage
2015-01-13T10:00:00Z,2015,Jan,pontiac,wave,3600,400,2000.000000,139527.500000,215988,63067,2,4000,BUDGET,High Mileage
2015-01-14T03:30:00Z,2015,Jan,mazda,tribute,6800,400,2907.692308,141793.384615,259179,77800,13,37800,BUDGET,High Mileage
2015-01-28T10:00:00Z,2015,Jan,Aston Martin,Rapide,103000,94500,98750.000000,20213.500000,20658,19769,2,197500,MID_RANGE,Medium Mileage
2015-06-10T03:20:00Z,2015,Jun,Audi,RS 4,28200,23000,26066.666667,75289.333333,96939,59910,3,78200,BUDGET,High Mileage
